"Time (s) Run #1","x-Position, Object #1 (m) Run #1","y-Position, Object #1 (m) Run #1","x-Velocity, Object #1 (m/s) Run #1","y-Velocity, Object #1 (m/s) Run #1","x-Acceleration, Object #1 (m/s²) Run #1","y-Acceleration, Object #1 (m/s²) Run #1","Time (s) Run #2","Angle, 004-000 (rad) Run #2","Angular Velocity, 004-000 (rad/s) Run #2","Angular Acceleration, 004-000 (rad/s²) Run #2","Position, 004-000 (m) Run #2","Velocity, 004-000 (m/s) Run #2","Acceleration, 004-000 (m/s²) Run #2","Angle, 670-231 (rad) Run #2","Angular Velocity, 670-231 (rad/s) Run #2","Angular Acceleration, 670-231 (rad/s²) Run #2","Position, 670-231 (m) Run #2","Velocity, 670-231 (m/s) Run #2","Acceleration, 670-231 (m/s²) Run #2"
1.303,0.03,0.00,,,,,0.000,0.000,,,0.0000,,,0.000,,,0.0000,,
3.772,0.03,0.05,4.09E-4,0.02,,,0.050,0.000,-0.031,,0.0000,-7.500E-4,,0.003,0.031,,7.5000E-5,7.500E-4,
4.338,0.03,0.07,0.00,0.03,0.00,0.00,0.100,-0.003,-0.052,-0.314,-7.5000E-5,-0.001,-0.007,0.003,0.010,-0.314,7.5000E-5,2.500E-4,-0.007
6.473,0.04,0.13,0.00,0.03,-1.63E-4,0.00,0.150,-0.006,-0.063,-0.244,-1.5000E-4,-0.001,-0.006,0.003,0.000,-0.035,7.5000E-5,0.000,-8.333E-4
6.940,0.04,0.15,0.00,0.04,0.00,-3.24E-5,0.200,-0.009,-0.073,-0.209,-2.2500E-4,-0.002,-0.005,0.003,0.010,0.105,7.5000E-5,2.500E-4,0.002
7.873,0.04,0.18,0.00,0.03,0.00,0.00,0.250,-0.013,-0.084,-0.209,-3.0000E-4,-0.002,-0.005,0.003,0.021,0.070,7.5000E-5,5.000E-4,0.002
9.142,0.03,0.22,0.00,0.04,0.00,0.02,0.300,-0.019,-0.094,-0.209,-4.5000E-4,-0.002,-0.005,0.006,0.021,-0.070,1.5000E-4,5.000E-4,-0.002
9.775,0.03,0.27,0.00,0.07,0.01,0.01,0.350,-0.022,-0.105,-0.140,-5.2500E-4,-0.002,-0.003,0.006,0.010,-0.140,1.5000E-4,2.500E-4,-0.003
10.008,0.04,0.28,0.00,0.05,,,0.400,-0.028,-0.115,0.140,-6.7500E-4,-0.003,0.003,0.006,0.000,-0.105,1.5000E-4,0.000,-0.002
12.442,0.04,0.41,,,,,0.450,-0.035,-0.105,0.628,-8.2500E-4,-0.002,0.015,0.006,0.000,-0.035,1.5000E-4,0.000,-8.333E-4
,,,,,,,0.500,-0.041,-0.052,1.047,-9.7500E-4,-0.001,0.025,0.006,0.000,0.000,1.5000E-4,0.000,0.000
,,,,,,,0.550,-0.041,0.021,1.082,-9.7500E-4,5.000E-4,0.026,0.006,0.000,0.000,1.5000E-4,0.000,0.000
,,,,,,,0.600,-0.038,0.073,0.768,-9.0000E-4,0.002,0.018,0.006,0.000,0.000,1.5000E-4,0.000,0.000
,,,,,,,0.650,-0.031,0.094,0.384,-7.5000E-4,0.002,0.009,0.006,0.000,0.000,1.5000E-4,0.000,0.000
,,,,,,,0.700,-0.028,0.105,0.140,-6.7500E-4,0.002,0.003,0.006,0.000,0.000,1.5000E-4,0.000,0.000
,,,,,,,0.750,-0.022,0.105,0.035,-5.2500E-4,0.002,8.333E-4,0.006,0.000,0.000,1.5000E-4,0.000,0.000
,,,,,,,0.800,-0.016,0.105,0.035,-3.7500E-4,0.002,8.333E-4,0.006,0.000,0.000,1.5000E-4,0.000,0.000
,,,,,,,0.850,-0.013,0.105,0.105,-3.0000E-4,0.002,0.002,0.006,0.000,0.000,1.5000E-4,0.000,0.000
,,,,,,,0.900,-0.006,0.115,0.105,-1.5000E-4,0.003,0.002,0.006,0.000,0.000,1.5000E-4,0.000,0.000
,,,,,,,0.950,-1.735E-18,0.126,0.000,-4.1413E-20,0.003,0.000,0.006,0.000,0.000,1.5000E-4,0.000,0.000
,,,,,,,1.000,0.006,0.115,-0.105,1.5000E-4,0.003,-0.002,0.006,0.000,0.000,1.5000E-4,0.000,0.000
,,,,,,,1.050,0.013,0.105,-0.070,3.0000E-4,0.002,-0.002,0.006,0.000,0.000,1.5000E-4,0.000,0.000
,,,,,,,1.100,0.016,0.105,0.070,3.7500E-4,0.002,0.002,0.006,0.000,0.000,1.5000E-4,0.000,0.000
,,,,,,,1.150,0.022,0.115,0.140,5.2500E-4,0.003,0.003,0.006,0.000,0.000,1.5000E-4,0.000,0.000
,,,,,,,1.200,0.028,0.126,0.105,6.7500E-4,0.003,0.002,0.006,0.000,0.000,1.5000E-4,0.000,0.000
,,,,,,,1.250,0.035,0.126,0.035,8.2500E-4,0.003,8.333E-4,0.006,0.000,0.000,1.5000E-4,0.000,0.000
,,,,,,,1.300,0.041,0.126,-5.551E-16,9.7500E-4,0.003,-1.301E-17,0.006,0.000,0.000,1.5000E-4,0.000,0.000
,,,,,,,1.350,0.047,0.126,-2.776E-16,0.0011,0.003,0.000,0.006,0.000,0.000,1.5000E-4,0.000,0.000
,,,,,,,1.400,0.053,0.126,0.000,0.0013,0.003,1.301E-17,0.006,0.000,0.000,1.5000E-4,0.000,0.000
,,,,,,,1.450,0.060,0.126,-0.035,0.0014,0.003,-8.333E-4,0.006,0.000,0.000,1.5000E-4,0.000,0.000
,,,,,,,1.500,0.066,0.126,-0.070,0.0016,0.003,-0.002,0.006,0.000,0.000,1.5000E-4,0.000,0.000
,,,,,,,1.550,0.072,0.115,-0.070,0.0017,0.003,-0.002,0.006,0.000,0.000,1.5000E-4,0.000,0.000
,,,,,,,1.600,0.079,0.115,-0.035,0.0019,0.003,-8.333E-4,0.006,0.000,0.000,1.5000E-4,0.000,0.000
,,,,,,,1.650,0.082,0.115,4.163E-16,0.0019,0.003,1.735E-17,0.006,0.000,0.000,1.5000E-4,0.000,0.000
,,,,,,,1.700,0.091,0.115,5.551E-16,0.0022,0.003,4.770E-17,0.006,0.000,0.000,1.5000E-4,0.000,0.000
,,,,,,,1.750,0.094,0.115,0.035,0.0022,0.003,8.333E-4,0.006,0.000,0.000,1.5000E-4,0.000,0.000
,,,,,,,1.800,0.101,0.115,0.070,0.0024,0.003,0.002,0.006,0.000,0.000,1.5000E-4,0.000,0.000
,,,,,,,1.850,0.107,0.126,0.070,0.0025,0.003,0.002,0.006,0.000,0.000,1.5000E-4,0.000,0.000
,,,,,,,1.900,0.113,0.126,0.035,0.0027,0.003,8.333E-4,0.006,0.000,0.000,1.5000E-4,0.000,0.000
,,,,,,,1.950,0.119,0.126,-0.035,0.0028,0.003,-8.333E-4,0.006,0.000,0.000,1.5000E-4,0.000,0.000
,,,,,,,2.000,0.126,0.126,-0.105,0.0030,0.003,-0.002,0.006,0.000,0.000,1.5000E-4,0.000,0.000
,,,,,,,2.050,0.132,0.115,-0.140,0.0031,0.003,-0.003,0.006,0.000,0.000,1.5000E-4,0.000,0.000
,,,,,,,2.100,0.138,0.105,-0.105,0.0033,0.002,-0.002,0.006,0.000,0.000,1.5000E-4,0.000,0.000
,,,,,,,2.150,0.141,0.105,0.000,0.0034,0.002,1.735E-17,0.006,0.000,0.000,1.5000E-4,0.000,0.000
,,,,,,,2.200,0.148,0.105,0.070,0.0035,0.002,0.002,0.006,0.000,0.000,1.5000E-4,0.000,0.000
,,,,,,,2.250,0.154,0.115,0.070,0.0037,0.003,0.002,0.006,0.000,0.000,1.5000E-4,0.000,0.000
,,,,,,,2.300,0.157,0.115,0.035,0.0037,0.003,8.333E-4,0.006,0.000,0.000,1.5000E-4,0.000,0.000
,,,,,,,2.350,0.167,0.115,-0.035,0.0040,0.003,-8.333E-4,0.006,0.000,0.000,1.5000E-4,0.000,0.000
,,,,,,,2.400,0.170,0.115,-0.070,0.0040,0.003,-0.002,0.006,0.000,0.000,1.5000E-4,0.000,0.000
,,,,,,,2.450,0.176,0.105,-0.070,0.0042,0.002,-0.002,0.006,0.000,0.000,1.5000E-4,0.000,0.000
,,,,,,,2.500,0.182,0.105,-8.327E-16,0.0043,0.002,-5.204E-17,0.006,0.000,0.000,1.5000E-4,0.000,0.000
,,,,,,,2.550,0.185,0.105,0.105,0.0044,0.002,0.002,0.006,0.000,0.000,1.5000E-4,0.000,0.000
,,,,,,,2.600,0.192,0.115,0.105,0.0046,0.003,0.002,0.006,0.000,0.000,1.5000E-4,0.000,0.000
,,,,,,,2.650,0.198,0.126,9.714E-16,0.0047,0.003,7.373E-17,0.006,0.000,0.000,1.5000E-4,0.000,0.000
,,,,,,,2.700,0.204,0.115,-0.105,0.0049,0.003,-0.002,0.006,0.000,0.000,1.5000E-4,0.000,0.000
,,,,,,,2.750,0.210,0.105,-0.070,0.0050,0.002,-0.002,0.006,0.000,0.000,1.5000E-4,0.000,0.000
,,,,,,,2.800,0.214,0.105,0.035,0.0051,0.002,8.333E-4,0.006,0.000,0.000,1.5000E-4,0.000,0.000
,,,,,,,2.850,0.220,0.115,0.035,0.0052,0.003,8.333E-4,0.006,0.000,0.000,1.5000E-4,0.000,0.000
,,,,,,,2.900,0.226,0.115,-0.035,0.0054,0.003,-8.333E-4,0.006,0.000,0.000,1.5000E-4,0.000,0.000
,,,,,,,2.950,0.232,0.105,-0.070,0.0055,0.002,-0.002,0.006,0.000,0.000,1.5000E-4,0.000,0.000
,,,,,,,3.000,0.236,0.105,-0.035,0.0056,0.002,-8.333E-4,0.006,0.000,0.000,1.5000E-4,0.000,0.000
,,,,,,,3.050,0.242,0.105,-0.035,0.0058,0.002,-8.333E-4,0.006,0.000,0.000,1.5000E-4,0.000,0.000
,,,,,,,3.100,0.248,0.105,-0.070,0.0059,0.002,-0.002,0.006,0.000,0.000,1.5000E-4,0.000,0.000
,,,,,,,3.150,0.251,0.094,-0.070,0.0060,0.002,-0.002,0.006,0.000,0.000,1.5000E-4,0.000,0.000
,,,,,,,3.200,0.258,0.094,-0.035,0.0061,0.002,-8.333E-4,0.006,0.000,0.000,1.5000E-4,0.000,0.000
,,,,,,,3.250,0.261,0.094,0.035,0.0062,0.002,8.333E-4,0.006,0.000,0.000,1.5000E-4,0.000,0.000
,,,,,,,3.300,0.267,0.094,0.070,0.0064,0.002,0.002,0.006,0.000,0.000,1.5000E-4,0.000,0.000
,,,,,,,3.350,0.270,0.105,0.070,0.0064,0.002,0.002,0.006,0.000,0.000,1.5000E-4,0.000,0.000
,,,,,,,3.400,0.276,0.105,6.939E-16,0.0066,0.002,1.735E-17,0.006,0.000,0.000,1.5000E-4,0.000,0.000
,,,,,,,3.450,0.283,0.105,-0.070,0.0067,0.002,-0.002,0.006,0.000,0.000,1.5000E-4,0.000,0.000
,,,,,,,3.500,0.286,0.094,-0.070,0.0068,0.002,-0.002,0.006,0.000,0.000,1.5000E-4,0.000,0.000
,,,,,,,3.550,0.292,0.094,-0.035,0.0070,0.002,-8.333E-4,0.006,0.000,0.000,1.5000E-4,0.000,0.000
,,,,,,,3.600,0.295,0.094,6.939E-16,0.0070,0.002,1.735E-17,0.006,0.000,0.000,1.5000E-4,0.000,0.000
,,,,,,,3.650,0.302,0.094,-0.035,0.0072,0.002,-8.333E-4,0.006,0.000,0.000,1.5000E-4,0.000,0.000
,,,,,,,3.700,0.305,0.094,-0.070,0.0073,0.002,-0.002,0.006,0.000,0.000,1.5000E-4,0.000,0.000
,,,,,,,3.750,0.311,0.084,-0.070,0.0074,0.002,-0.002,0.006,0.000,0.000,1.5000E-4,0.000,0.000
,,,,,,,3.800,0.314,0.084,-0.035,0.0075,0.002,-8.333E-4,0.006,0.000,0.000,1.5000E-4,0.000,0.000
,,,,,,,3.850,0.317,0.084,-0.035,0.0076,0.002,-8.333E-4,0.006,0.000,0.000,1.5000E-4,0.000,0.000
,,,,,,,3.900,0.324,0.084,-0.105,0.0077,0.002,-0.002,0.006,0.000,0.000,1.5000E-4,0.000,0.000
,,,,,,,3.950,0.327,0.073,-0.140,0.0078,0.002,-0.003,0.006,0.000,0.000,1.5000E-4,0.000,0.000
,,,,,,,4.000,0.330,0.063,-0.105,0.0079,0.001,-0.002,0.006,0.000,0.000,1.5000E-4,0.000,0.000
,,,,,,,4.050,0.333,0.063,-0.070,0.0079,0.001,-0.002,0.006,0.000,0.000,1.5000E-4,0.000,0.000
,,,,,,,4.100,0.336,0.063,-0.140,0.0080,0.001,-0.003,0.006,0.000,-0.035,1.5000E-4,0.000,-8.333E-4
,,,,,,,4.150,0.339,0.052,-0.279,0.0081,0.001,-0.007,0.006,0.000,-0.105,1.5000E-4,0.000,-0.002
,,,,,,,4.200,0.342,0.031,-0.349,0.0082,7.500E-4,-0.008,0.006,-0.010,-0.140,1.5000E-4,-2.500E-4,-0.003
,,,,,,,4.250,0.342,0.010,-0.314,0.0082,2.500E-4,-0.007,0.006,-0.021,-0.070,1.5000E-4,-5.000E-4,-0.002
,,,,,,,4.300,0.342,0.000,-0.279,0.0082,0.000,-0.007,0.003,-0.021,0.070,7.5000E-5,-5.000E-4,0.002
,,,,,,,4.350,0.342,-0.010,-0.314,0.0082,-2.500E-4,-0.007,0.003,-0.010,0.140,7.5000E-5,-2.500E-4,0.003
,,,,,,,4.400,0.342,-0.031,-0.349,0.0082,-7.500E-4,-0.008,0.003,0.000,0.105,7.5000E-5,0.000,0.002
,,,,,,,4.450,0.339,-0.052,-0.279,0.0081,-0.001,-0.007,0.003,0.000,0.035,7.5000E-5,0.000,8.333E-4
,,,,,,,4.500,0.336,-0.063,-0.140,0.0080,-0.001,-0.003,0.003,0.000,0.000,7.5000E-5,0.000,0.000
,,,,,,,4.550,0.333,-0.063,-0.035,0.0079,-0.001,-8.333E-4,0.003,0.000,0.000,7.5000E-5,0.000,0.000
,,,,,,,4.600,0.330,-0.063,0.000,0.0079,-0.001,2.819E-17,0.003,0.000,0.000,7.5000E-5,0.000,0.000
,,,,,,,4.650,0.327,-0.063,-0.035,0.0078,-0.001,-8.333E-4,0.003,0.000,0.000,7.5000E-5,0.000,0.000
,,,,,,,4.700,0.324,-0.063,-0.105,0.0077,-0.001,-0.002,0.003,0.000,0.000,7.5000E-5,0.000,0.000
,,,,,,,4.750,0.320,-0.073,-0.140,0.0076,-0.002,-0.003,0.003,0.000,0.000,7.5000E-5,0.000,0.000
,,,,,,,4.800,0.317,-0.084,-0.070,0.0076,-0.002,-0.002,0.003,0.000,0.000,7.5000E-5,0.000,0.000
,,,,,,,4.850,0.311,-0.084,0.070,0.0074,-0.002,0.002,0.003,0.000,0.000,7.5000E-5,0.000,0.000
,,,,,,,4.900,0.308,-0.073,0.140,0.0073,-0.002,0.003,0.003,0.000,0.000,7.5000E-5,0.000,0.000
,,,,,,,4.950,0.305,-0.063,0.105,0.0073,-0.001,0.002,0.003,0.000,0.000,7.5000E-5,0.000,0.000
,,,,,,,5.000,0.302,-0.063,0.070,0.0072,-0.001,0.002,0.003,0.000,0.000,7.5000E-5,0.000,0.000
,,,,,,,5.050,0.298,-0.063,0.105,0.0071,-0.001,0.002,0.003,0.000,0.000,7.5000E-5,0.000,0.000
,,,,,,,5.100,0.295,-0.052,0.140,0.0070,-0.001,0.003,0.003,0.000,0.000,7.5000E-5,0.000,0.000
,,,,,,,5.150,0.292,-0.042,0.070,0.0070,-1.000E-3,0.002,0.003,0.000,0.000,7.5000E-5,0.000,0.000
,,,,,,,5.200,0.292,-0.042,-0.035,0.0070,-1.000E-3,-8.333E-4,0.003,0.000,0.000,7.5000E-5,0.000,0.000
,,,,,,,5.250,0.289,-0.052,-0.035,0.0069,-0.001,-8.333E-4,0.003,0.000,0.000,7.5000E-5,0.000,0.000
,,,,,,,5.300,0.286,-0.052,0.070,0.0068,-0.001,0.002,0.003,0.000,0.000,7.5000E-5,0.000,0.000
,,,,,,,5.350,0.283,-0.042,0.140,0.0067,-1.000E-3,0.003,0.003,0.000,0.000,7.5000E-5,0.000,0.000
,,,,,,,5.400,0.283,-0.031,0.070,0.0067,-7.500E-4,0.002,0.003,0.000,0.000,7.5000E-5,0.000,0.000
,,,,,,,5.450,0.280,-0.031,-0.035,0.0067,-7.500E-4,-8.333E-4,0.003,0.000,0.000,7.5000E-5,0.000,0.000
,,,,,,,5.500,0.280,-0.042,-0.035,0.0067,-1.000E-3,-8.333E-4,0.003,0.000,0.000,7.5000E-5,0.000,0.000
,,,,,,,5.550,0.276,-0.042,0.105,0.0066,-1.000E-3,0.002,0.003,0.000,0.000,7.5000E-5,0.000,0.000
,,,,,,,5.600,0.273,-0.031,0.209,0.0065,-7.500E-4,0.005,0.003,0.000,0.000,7.5000E-5,0.000,0.000
,,,,,,,5.650,0.273,-0.010,0.140,0.0065,-2.500E-4,0.003,0.003,0.000,0.000,7.5000E-5,0.000,0.000
,,,,,,,5.700,0.273,-0.010,1.388E-16,0.0065,-2.500E-4,3.253E-18,0.003,0.000,0.000,7.5000E-5,0.000,0.000
,,,,,,,5.750,0.273,-0.021,-0.035,0.0065,-5.000E-4,-8.333E-4,0.003,0.000,0.000,7.5000E-5,0.000,0.000
,,,,,,,5.800,0.270,-0.021,0.070,0.0064,-5.000E-4,0.002,0.003,0.000,0.000,7.5000E-5,0.000,0.000
,,,,,,,5.850,0.270,-0.010,0.140,0.0064,-2.500E-4,0.003,0.003,0.000,0.000,7.5000E-5,0.000,0.000
,,,,,,,5.900,0.270,0.000,0.105,0.0064,0.000,0.002,0.003,0.000,0.000,7.5000E-5,0.000,0.000
,,,,,,,5.950,0.270,0.000,0.035,0.0064,0.000,8.333E-4,0.003,0.000,0.000,7.5000E-5,0.000,0.000
,,,,,,,6.000,0.270,0.000,0.000,0.0064,0.000,0.000,0.003,0.000,0.000,7.5000E-5,0.000,0.000
,,,,,,,6.050,0.270,0.000,0.000,0.0064,0.000,0.000,0.003,0.000,0.000,7.5000E-5,0.000,0.000
,,,,,,,6.100,0.270,0.000,-0.035,0.0064,0.000,-8.333E-4,0.003,0.000,0.000,7.5000E-5,0.000,0.000
,,,,,,,6.150,0.270,0.000,-0.105,0.0064,0.000,-0.002,0.003,0.000,0.000,7.5000E-5,0.000,0.000
,,,,,,,6.200,0.270,-0.010,-0.140,0.0064,-2.500E-4,-0.003,0.003,0.000,0.000,7.5000E-5,0.000,0.000
,,,,,,,6.250,0.270,-0.021,-0.070,0.0064,-5.000E-4,-0.002,0.003,0.000,0.000,7.5000E-5,0.000,0.000
,,,,,,,6.300,0.267,-0.021,0.070,0.0064,-5.000E-4,0.002,0.003,0.000,0.000,7.5000E-5,0.000,0.000
,,,,,,,6.350,0.267,-0.010,0.140,0.0064,-2.500E-4,0.003,0.003,0.000,0.000,7.5000E-5,0.000,0.000
,,,,,,,6.400,0.267,0.000,0.105,0.0064,0.000,0.002,0.003,0.000,0.000,7.5000E-5,0.000,0.000
,,,,,,,6.450,0.267,0.000,0.105,0.0064,0.000,0.002,0.003,0.000,0.000,7.5000E-5,0.000,0.000
,,,,,,,6.500,0.267,0.000,0.314,0.0064,0.000,0.007,0.003,0.000,0.035,7.5000E-5,0.000,8.333E-4
,,,,,,,6.550,0.267,0.021,0.768,0.0064,5.000E-4,0.018,0.003,0.000,0.105,7.5000E-5,0.000,0.002
,,,,,,,6.600,0.267,0.073,1.292,0.0064,0.002,0.031,0.003,0.010,0.175,7.5000E-5,2.500E-4,0.004
,,,,,,,6.650,0.273,0.157,1.641,0.0065,0.004,0.039,0.003,0.021,0.209,7.5000E-5,5.000E-4,0.005
,,,,,,,6.700,0.283,0.251,1.745,0.0067,0.006,0.042,0.006,0.031,0.175,1.5000E-4,7.500E-4,0.004
,,,,,,,6.750,0.298,0.335,1.780,0.0071,0.008,0.042,0.006,0.042,0.105,1.5000E-4,1.000E-3,0.002
,,,,,,,6.800,0.317,0.419,1.955,0.0076,0.010,0.047,0.009,0.042,-5.551E-16,2.2500E-4,1.000E-3,-1.193E-17
,,,,,,,6.850,0.339,0.524,2.234,0.0081,0.012,0.053,0.013,0.042,-0.105,3.0000E-4,1.000E-3,-0.002
,,,,,,,6.900,0.368,0.649,2.339,0.0088,0.015,0.056,0.013,0.031,-0.175,3.0000E-4,7.500E-4,-0.004
,,,,,,,6.950,0.405,0.775,2.094,0.0097,0.018,0.050,0.016,0.021,-0.209,3.7500E-4,5.000E-4,-0.005
,,,,,,,7.000,0.446,0.869,1.641,0.0106,0.021,0.039,0.016,0.010,-0.140,3.7500E-4,2.500E-4,-0.003
,,,,,,,7.050,0.493,0.932,1.187,0.0118,0.022,0.028,0.016,0.000,-1.908E-16,3.7500E-4,0.000,-5.421E-18
,,,,,,,7.100,0.540,0.984,0.838,0.0129,0.023,0.020,0.016,0.010,0.105,3.7500E-4,2.500E-4,0.002
,,,,,,,7.150,0.591,1.016,0.524,0.0141,0.024,0.012,0.016,0.021,0.070,3.7500E-4,5.000E-4,0.002
,,,,,,,7.200,0.644,1.037,0.244,0.0154,0.025,0.006,0.019,0.021,-0.070,4.5000E-4,5.000E-4,-0.002
,,,,,,,7.250,0.694,1.037,0.105,0.0166,0.025,0.002,0.019,0.010,-0.140,4.5000E-4,2.500E-4,-0.003
,,,,,,,7.300,0.748,1.037,0.105,0.0178,0.025,0.002,0.019,0.000,-0.105,4.5000E-4,0.000,-0.002
,,,,,,,7.350,0.798,1.047,0.140,0.0190,0.025,0.003,0.019,0.000,-0.035,4.5000E-4,0.000,-8.333E-4
,,,,,,,7.400,0.851,1.058,0.070,0.0203,0.025,0.002,0.019,0.000,0.000,4.5000E-4,0.000,0.000
,,,,,,,7.450,0.905,1.058,-0.070,0.0216,0.025,-0.002,0.019,0.000,0.000,4.5000E-4,0.000,0.000
,,,,,,,7.500,0.958,1.047,-0.140,0.0229,0.025,-0.003,0.019,0.000,0.000,4.5000E-4,0.000,0.000
,,,,,,,7.550,1.008,1.037,-0.035,0.0241,0.025,-8.333E-4,0.019,0.000,0.000,4.5000E-4,0.000,0.000
,,,,,,,7.600,1.062,1.037,0.209,0.0253,0.025,0.005,0.019,0.000,0.000,4.5000E-4,0.000,0.000
,,,,,,,7.650,1.112,1.058,0.524,0.0265,0.025,0.012,0.019,0.000,0.000,4.5000E-4,0.000,0.000
,,,,,,,7.700,1.166,1.089,0.803,0.0278,0.026,0.019,0.019,0.000,0.000,4.5000E-4,0.000,0.000
,,,,,,,7.750,1.222,1.141,0.873,0.0292,0.027,0.021,0.019,0.000,0.000,4.5000E-4,0.000,0.000
,,,,,,,7.800,1.279,1.194,0.628,0.0305,0.028,0.015,0.019,0.000,0.000,4.5000E-4,0.000,0.000
,,,,,,,7.850,1.341,1.215,0.140,0.0320,0.029,0.003,0.019,0.000,0.000,4.5000E-4,0.000,0.000
,,,,,,,7.900,1.404,1.204,-0.314,0.0335,0.029,-0.007,0.019,0.000,0.000,4.5000E-4,0.000,0.000
,,,,,,,7.950,1.461,1.173,-0.489,0.0349,0.028,-0.012,0.019,0.000,0.000,4.5000E-4,0.000,0.000
,,,,,,,8.000,1.521,1.141,-0.419,0.0363,0.027,-0.010,0.019,0.000,0.000,4.5000E-4,0.000,0.000
,,,,,,,8.050,1.577,1.131,-0.244,0.0376,0.027,-0.006,0.019,0.000,0.000,4.5000E-4,0.000,0.000
,,,,,,,8.100,1.630,1.121,-0.175,0.0389,0.027,-0.004,0.019,0.000,0.000,4.5000E-4,0.000,0.000
,,,,,,,8.150,1.690,1.121,-0.314,0.0403,0.027,-0.007,0.019,0.000,0.000,4.5000E-4,0.000,0.000
,,,,,,,8.200,1.744,1.100,-0.489,0.0416,0.026,-0.012,0.019,0.000,0.000,4.5000E-4,0.000,0.000
,,,,,,,8.250,1.800,1.058,-0.524,0.0430,0.025,-0.012,0.019,0.000,0.000,4.5000E-4,0.000,0.000
,,,,,,,8.300,1.850,1.037,-0.384,0.0442,0.025,-0.009,0.019,0.000,0.000,4.5000E-4,0.000,0.000
,,,,,,,8.350,1.901,1.026,-0.279,0.0454,0.024,-0.007,0.019,0.000,0.000,4.5000E-4,0.000,0.000
,,,,,,,8.400,1.954,1.016,-0.314,0.0466,0.024,-0.007,0.019,0.000,0.000,4.5000E-4,0.000,0.000
,,,,,,,8.450,2.004,0.995,-0.349,0.0478,0.024,-0.008,0.019,0.000,0.000,4.5000E-4,0.000,0.000
,,,,,,,8.500,2.051,0.974,-0.279,0.0490,0.023,-0.007,0.019,0.000,0.000,4.5000E-4,0.000,0.000
,,,,,,,8.550,2.102,0.963,-0.140,0.0502,0.023,-0.003,0.019,0.000,0.000,4.5000E-4,0.000,0.000
,,,,,,,8.600,2.149,0.963,-0.035,0.0513,0.023,-8.333E-4,0.019,0.000,0.000,4.5000E-4,0.000,0.000
,,,,,,,8.650,2.196,0.963,-0.035,0.0524,0.023,-8.333E-4,0.019,0.000,0.000,4.5000E-4,0.000,0.000
,,,,,,,8.700,2.246,0.963,-0.105,0.0536,0.023,-0.002,0.019,0.000,0.000,4.5000E-4,0.000,0.000
,,,,,,,8.750,2.293,0.953,-0.698,0.0547,0.023,-0.017,0.019,0.000,0.000,4.5000E-4,0.000,0.000
,,,,,,,8.800,2.340,0.942,-2.758,0.0559,0.022,-0.066,0.019,0.000,0.000,4.5000E-4,0.000,0.000
,,,,,,,8.850,2.388,0.775,-6.213,0.0570,0.018,-0.148,0.019,0.000,0.000,4.5000E-4,0.000,0.000
,,,,,,,8.900,2.435,0.314,-9.076,0.0581,0.007,-0.217,0.019,0.000,0.000,4.5000E-4,0.000,0.000
,,,,,,,8.950,2.432,-0.283,-8.936,0.0580,-0.007,-0.213,0.019,0.000,-0.035,4.5000E-4,0.000,-8.333E-4
,,,,,,,9.000,2.391,-0.723,-5.899,0.0571,-0.017,-0.141,0.019,0.000,-0.105,4.5000E-4,0.000,-0.002
,,,,,,,9.050,2.347,-0.869,-2.374,0.0560,-0.021,-0.057,0.019,-0.010,-0.140,4.5000E-4,-2.500E-4,-0.003
,,,,,,,9.100,2.303,-0.869,-0.209,0.0550,-0.021,-0.005,0.019,-0.021,-0.070,4.5000E-4,-5.000E-4,-0.002
,,,,,,,9.150,2.259,-0.848,0.559,0.0539,-0.020,0.013,0.016,-0.021,0.070,3.7500E-4,-5.000E-4,0.002
,,,,,,,9.200,2.218,-0.806,0.733,0.0529,-0.019,0.017,0.016,-0.010,0.140,3.7500E-4,-2.500E-4,0.003
,,,,,,,9.250,2.177,-0.764,0.733,0.0520,-0.018,0.017,0.016,0.000,0.105,3.7500E-4,0.000,0.002
,,,,,,,9.300,2.143,-0.733,0.663,0.0511,-0.017,0.016,0.016,0.000,0.035,3.7500E-4,0.000,8.333E-4
,,,,,,,9.350,2.105,-0.702,0.628,0.0502,-0.017,0.015,0.016,0.000,-0.035,3.7500E-4,0.000,-8.333E-4
,,,,,,,9.400,2.070,-0.670,0.559,0.0494,-0.016,0.013,0.016,0.000,-0.105,3.7500E-4,0.000,-0.002
,,,,,,,9.450,2.039,-0.639,0.419,0.0487,-0.015,0.010,0.016,-0.010,-0.140,3.7500E-4,-2.500E-4,-0.003
,,,,,,,9.500,2.007,-0.628,0.279,0.0479,-0.015,0.007,0.016,-0.021,-0.070,3.7500E-4,-5.000E-4,-0.002
,,,,,,,9.550,1.976,-0.618,0.209,0.0472,-0.015,0.005,0.013,-0.021,0.070,3.0000E-4,-5.000E-4,0.002
,,,,,,,9.600,1.945,-0.607,3.805,0.0464,-0.014,0.091,0.013,-0.010,0.140,3.0000E-4,-2.500E-4,0.003
,,,,,,,9.650,1.916,-0.597,14.172,0.0457,-0.014,0.338,0.013,0.000,0.105,3.0000E-4,0.000,0.002
,,,,,,,9.700,1.885,0.492,25.133,0.0450,0.012,0.600,0.013,0.000,0.035,3.0000E-4,0.000,8.333E-4
,,,,,,,9.750,1.857,2.534,23.946,0.0443,0.060,0.572,0.013,0.000,0.000,3.0000E-4,0.000,0.000
,,,,,,,9.800,2.152,3.801,6.597,0.0514,0.091,0.157,0.013,0.000,0.000,3.0000E-4,0.000,0.000
,,,,,,,9.850,2.410,3.278,-12.287,0.0575,0.078,-0.293,0.013,0.000,0.000,3.0000E-4,0.000,0.000
,,,,,,,9.900,2.472,1.728,-17.802,0.0590,0.041,-0.425,0.013,0.000,0.000,3.0000E-4,0.000,0.000
,,,,,,,9.950,2.520,0.922,-11.345,0.0601,0.022,-0.271,0.013,0.000,0.000,3.0000E-4,0.000,0.000
,,,,,,,10.000,2.560,0.817,-3.665,0.0611,0.019,-0.087,0.013,0.000,0.000,3.0000E-4,0.000,0.000
,,,,,,,10.050,2.598,0.785,-0.768,0.0620,0.019,-0.018,0.013,0.000,0.000,3.0000E-4,0.000,0.000
,,,,,,,10.100,2.639,0.764,-0.489,0.0630,0.018,-0.012,0.013,0.000,0.000,3.0000E-4,0.000,0.000
,,,,,,,10.150,2.677,0.744,-0.489,0.0639,0.018,-0.012,0.013,0.000,0.000,3.0000E-4,0.000,0.000
,,,,,,,10.200,2.711,0.712,-0.454,0.0647,0.017,-0.011,0.013,0.000,0.000,3.0000E-4,0.000,0.000
,,,,,,,10.250,2.749,0.691,-0.349,0.0656,0.016,-0.008,0.013,0.000,0.000,3.0000E-4,0.000,0.000
,,,,,,,10.300,2.780,0.681,-0.244,0.0664,0.016,-0.006,0.013,0.000,0.000,3.0000E-4,0.000,0.000
,,,,,,,10.350,2.815,0.670,-0.209,0.0672,0.016,-0.005,0.013,0.000,0.000,3.0000E-4,0.000,0.000
,,,,,,,10.400,2.849,0.660,-0.209,0.0680,0.016,-0.005,0.013,0.000,0.000,3.0000E-4,0.000,0.000
,,,,,,,10.450,2.881,0.649,-0.209,0.0688,0.015,-0.005,0.013,0.000,0.000,3.0000E-4,0.000,0.000
,,,,,,,10.500,2.912,0.639,-0.209,0.0695,0.015,-0.005,0.013,0.000,0.000,3.0000E-4,0.000,0.000
,,,,,,,10.550,2.947,0.628,-0.209,0.0703,0.015,-0.005,0.013,0.000,0.000,3.0000E-4,0.000,0.000
,,,,,,,10.600,2.975,0.618,-0.175,0.0710,0.015,-0.004,0.013,0.000,0.000,3.0000E-4,0.000,0.000
,,,,,,,10.650,3.007,0.607,-0.140,0.0718,0.014,-0.003,0.013,0.000,0.000,3.0000E-4,0.000,0.000
,,,,,,,10.700,3.038,0.607,-0.140,0.0725,0.014,-0.003,0.013,0.000,0.000,3.0000E-4,0.000,0.000
,,,,,,,10.750,3.066,0.597,-0.140,0.0732,0.014,-0.003,0.013,0.000,0.000,3.0000E-4,0.000,0.000
,,,,,,,10.800,3.098,0.586,-0.140,0.0739,0.014,-0.003,0.013,0.000,0.000,3.0000E-4,0.000,0.000
,,,,,,,10.850,3.126,0.586,-0.105,0.0746,0.014,-0.002,0.013,0.000,0.000,3.0000E-4,0.000,0.000
,,,,,,,10.900,3.154,0.576,-0.070,0.0753,0.014,-0.002,0.013,0.000,0.000,3.0000E-4,0.000,0.000
,,,,,,,10.950,3.186,0.576,-0.070,0.0760,0.014,-0.002,0.013,0.000,0.000,3.0000E-4,0.000,0.000
,,,,,,,11.000,3.211,0.576,-0.070,0.0766,0.014,-0.002,0.013,0.000,0.000,3.0000E-4,0.000,0.000
,,,,,,,11.050,3.242,0.565,-0.105,0.0774,0.013,-0.002,0.013,0.000,0.000,3.0000E-4,0.000,0.000
,,,,,,,11.100,3.270,0.565,-0.070,0.0781,0.013,-0.002,0.013,0.000,0.000,3.0000E-4,0.000,0.000
,,,,,,,11.150,3.296,0.555,0.035,0.0787,0.013,8.333E-4,0.013,0.000,0.000,3.0000E-4,0.000,0.000
,,,,,,,11.200,3.327,0.565,0.070,0.0794,0.013,0.002,0.013,0.000,0.000,3.0000E-4,0.000,0.000
,,,,,,,11.250,3.352,0.576,-4.552E-14,0.0800,0.014,-3.990E-16,0.013,0.000,0.000,3.0000E-4,0.000,0.000
,,,,,,,11.300,3.383,0.565,-0.175,0.0808,0.013,-0.004,0.013,0.000,0.000,3.0000E-4,0.000,0.000
,,,,,,,11.350,3.412,0.555,-0.244,0.0814,0.013,-0.006,0.013,0.000,0.000,3.0000E-4,0.000,0.000
,,,,,,,11.400,3.437,0.534,-0.140,0.0820,0.013,-0.003,0.013,0.000,0.000,3.0000E-4,0.000,0.000
,,,,,,,11.450,3.465,0.534,2.998E-14,0.0827,0.013,9.541E-16,0.013,0.000,0.000,3.0000E-4,0.000,0.000
,,,,,,,11.500,3.490,0.545,0.035,0.0833,0.013,8.333E-4,0.013,0.000,0.000,3.0000E-4,0.000,0.000
,,,,,,,11.550,3.519,0.545,-0.105,0.0840,0.013,-0.002,0.013,0.000,0.000,3.0000E-4,0.000,0.000
,,,,,,,11.600,3.547,0.534,-0.279,0.0847,0.013,-0.007,0.013,0.000,0.000,3.0000E-4,0.000,0.000
,,,,,,,11.650,3.572,0.513,-0.384,0.0853,0.012,-0.009,0.013,0.000,0.000,3.0000E-4,0.000,0.000
,,,,,,,11.700,3.597,0.492,-0.384,0.0859,0.012,-0.009,0.013,0.000,0.000,3.0000E-4,0.000,0.000
,,,,,,,11.750,3.622,0.471,-0.279,0.0865,0.011,-0.007,0.013,0.000,0.000,3.0000E-4,0.000,0.000
,,,,,,,11.800,3.644,0.461,-0.140,0.0870,0.011,-0.003,0.013,0.000,0.000,3.0000E-4,0.000,0.000
,,,,,,,11.850,3.666,0.461,-0.070,0.0875,0.011,-0.002,0.013,0.000,0.000,3.0000E-4,0.000,0.000
,,,,,,,11.900,3.691,0.461,-0.105,0.0881,0.011,-0.002,0.013,0.000,0.000,3.0000E-4,0.000,0.000
,,,,,,,11.950,3.713,0.450,-0.140,0.0886,0.011,-0.003,0.013,0.000,0.000,3.0000E-4,0.000,0.000
,,,,,,,12.000,3.735,0.440,-0.105,0.0892,0.010,-0.002,0.013,0.000,0.000,3.0000E-4,0.000,0.000
,,,,,,,12.050,3.757,0.440,0.000,0.0897,0.010,0.000,0.013,0.000,0.000,3.0000E-4,0.000,0.000
,,,,,,,12.100,3.779,0.440,0.105,0.0902,0.010,0.002,0.013,0.000,0.000,3.0000E-4,0.000,0.000
,,,,,,,12.150,3.801,0.450,0.140,0.0907,0.011,0.003,0.013,0.000,0.000,3.0000E-4,0.000,0.000
,,,,,,,12.200,3.823,0.461,0.070,0.0913,0.011,0.002,0.013,0.000,0.000,3.0000E-4,0.000,0.000
,,,,,,,12.250,3.848,0.461,-0.070,0.0919,0.011,-0.002,0.013,0.000,0.000,3.0000E-4,0.000,0.000
,,,,,,,12.300,3.870,0.450,-0.140,0.0924,0.011,-0.003,0.013,0.000,-0.035,3.0000E-4,0.000,-8.333E-4
,,,,,,,12.350,3.892,0.440,-0.105,0.0929,0.010,-0.002,0.013,0.000,-0.105,3.0000E-4,0.000,-0.002
,,,,,,,12.400,3.914,0.440,-0.035,0.0934,0.010,-8.333E-4,0.013,-0.010,-0.140,3.0000E-4,-2.500E-4,-0.003
,,,,,,,12.450,3.936,0.440,-0.035,0.0940,0.010,-8.333E-4,0.013,-0.021,-0.070,3.0000E-4,-5.000E-4,-0.002
,,,,,,,12.500,3.958,0.440,-0.105,0.0945,0.010,-0.002,0.009,-0.021,0.070,2.2500E-4,-5.000E-4,0.002
,,,,,,,12.550,3.980,0.429,-0.175,0.0950,0.010,-0.004,0.009,-0.010,0.140,2.2500E-4,-2.500E-4,0.003
,,,,,,,12.600,4.002,0.419,-0.175,0.0955,0.010,-0.004,0.009,0.000,0.105,2.2500E-4,0.000,0.002
,,,,,,,12.650,4.021,0.408,-0.105,0.0960,0.010,-0.002,0.009,0.000,0.035,2.2500E-4,0.000,8.333E-4
,,,,,,,12.700,4.043,0.408,-0.035,0.0965,0.010,-8.333E-4,0.009,0.000,0.000,2.2500E-4,0.000,0.000
,,,,,,,12.750,4.062,0.408,0.035,0.0970,0.010,8.333E-4,0.009,0.000,0.000,2.2500E-4,0.000,0.000
,,,,,,,12.800,4.084,0.408,0.175,0.0975,0.010,0.004,0.009,0.000,0.000,2.2500E-4,0.000,0.000
,,,,,,,12.850,4.103,0.419,0.454,0.0979,0.010,0.011,0.009,0.000,0.000,2.2500E-4,0.000,0.000
,,,,,,,12.900,4.125,0.450,0.803,0.0985,0.011,0.019,0.009,0.000,0.035,2.2500E-4,0.000,8.333E-4
,,,,,,,12.950,4.147,0.503,1.152,0.0990,0.012,0.027,0.009,0.000,0.140,2.2500E-4,0.000,0.003
,,,,,,,13.000,4.175,0.565,1.431,0.0997,0.013,0.034,0.009,0.010,0.244,2.2500E-4,2.500E-4,0.006
,,,,,,,13.050,4.203,0.649,1.676,0.1003,0.015,0.040,0.009,0.031,0.209,2.2500E-4,7.500E-4,0.005
,,,,,,,13.100,4.238,0.733,1.955,0.1012,0.017,0.047,0.013,0.042,-5.551E-16,3.0000E-4,1.000E-3,-1.518E-17
,,,,,,,13.150,4.279,0.838,2.339,0.1021,0.020,0.056,0.016,0.031,-0.175,3.7500E-4,7.500E-4,-0.004
,,,,,,,13.200,4.320,0.963,2.827,0.1031,0.023,0.067,0.016,0.010,-0.140,3.7500E-4,2.500E-4,-0.003
,,,,,,,13.250,4.373,1.121,3.211,0.1044,0.027,0.077,0.016,0.010,3.816E-16,3.7500E-4,2.500E-4,5.963E-18
,,,,,,,13.300,4.433,1.299,3.316,0.1058,0.031,0.079,0.016,0.021,0.070,3.7500E-4,5.000E-4,0.002
,,,,,,,13.350,4.502,1.466,3.107,0.1075,0.035,0.074,0.019,0.021,0.035,4.5000E-4,5.000E-4,8.333E-4
,,,,,,,13.400,4.580,1.613,2.758,0.1093,0.038,0.066,0.019,0.021,3.816E-16,4.5000E-4,5.000E-4,1.626E-17
,,,,,,,13.450,4.665,1.738,2.513,0.1114,0.041,0.060,0.019,0.021,-0.035,4.5000E-4,5.000E-4,-8.333E-4
,,,,,,,13.500,4.753,1.854,2.374,0.1135,0.044,0.057,0.022,0.021,-0.105,5.2500E-4,5.000E-4,-0.002
,,,,,,,13.550,4.851,1.979,1.047,0.1158,0.047,0.025,0.022,0.010,-0.140,5.2500E-4,2.500E-4,-0.003
,,,,,,,13.600,4.951,2.084,-3.910,0.1182,0.050,-0.093,0.022,0.000,-0.105,5.2500E-4,0.000,-0.002
,,,,,,,13.650,5.061,1.822,-12.601,0.1208,0.043,-0.301,0.022,0.000,-0.035,5.2500E-4,0.000,-8.333E-4
,,,,,,,13.700,5.168,0.838,-20.246,0.1234,0.020,-0.483,0.022,0.000,0.000,5.2500E-4,0.000,0.000
,,,,,,,13.750,5.180,-0.555,-20.804,0.1237,-0.013,-0.497,0.022,0.000,0.000,5.2500E-4,0.000,0.000
,,,,,,,13.800,5.083,-1.613,-14.032,0.1213,-0.038,-0.335,0.022,0.000,0.000,5.2500E-4,0.000,0.000
,,,,,,,13.850,4.979,-1.969,0.803,0.1189,-0.047,0.019,0.022,0.000,0.000,5.2500E-4,0.000,0.000
,,,,,,,13.900,4.885,-1.958,22.829,0.1166,-0.047,0.545,0.022,0.000,0.000,5.2500E-4,0.000,0.000
,,,,,,,13.950,4.788,0.031,41.329,0.1143,7.500E-4,0.987,0.022,0.000,0.000,5.2500E-4,0.000,0.000
,,,,,,,14.000,4.687,3.236,39.689,0.1119,0.077,0.947,0.022,0.000,0.000,5.2500E-4,0.000,0.000
,,,,,,,14.050,5.187,5.236,14.765,0.1238,0.125,0.352,0.022,0.000,0.000,5.2500E-4,0.000,0.000
,,,,,,,14.100,5.457,4.744,-10.472,0.1303,0.113,-0.250,0.022,0.000,0.000,5.2500E-4,0.000,0.000
,,,,,,,14.150,5.589,2.953,-17.558,0.1334,0.070,-0.419,0.022,0.000,0.000,5.2500E-4,0.000,0.000
,,,,,,,14.200,5.708,2.377,-9.983,0.1363,0.057,-0.238,0.022,0.000,0.000,5.2500E-4,0.000,0.000
,,,,,,,14.250,5.821,2.335,-1.920,0.1390,0.056,-0.046,0.022,0.000,0.000,5.2500E-4,0.000,0.000
,,,,,,,14.300,5.938,2.367,0.105,0.1417,0.056,0.002,0.022,0.000,0.000,5.2500E-4,0.000,0.000
,,,,,,,14.350,6.060,2.388,-0.140,0.1447,0.057,-0.003,0.022,0.000,0.000,5.2500E-4,0.000,0.000
,,,,,,,14.400,6.180,2.356,-0.663,0.1475,0.056,-0.016,0.022,0.000,0.000,5.2500E-4,0.000,0.000
,,,,,,,14.450,6.296,2.304,-1.012,0.1503,0.055,-0.024,0.022,0.000,0.000,5.2500E-4,0.000,0.000
,,,,,,,14.500,6.409,2.251,-1.187,0.1530,0.054,-0.028,0.022,0.000,0.000,5.2500E-4,0.000,0.000
,,,,,,,14.550,6.522,2.189,-1.326,0.1557,0.052,-0.032,0.022,0.000,0.000,5.2500E-4,0.000,0.000
,,,,,,,14.600,6.629,2.115,-1.326,0.1582,0.050,-0.032,0.022,0.000,0.000,5.2500E-4,0.000,0.000
,,,,,,,14.650,6.732,2.042,-1.152,0.1607,0.049,-0.027,0.022,0.000,0.000,5.2500E-4,0.000,0.000
,,,,,,,14.700,6.833,2.000,-1.012,0.1631,0.048,-0.024,0.022,0.000,0.000,5.2500E-4,0.000,0.000
,,,,,,,14.750,6.930,1.958,-1.047,0.1654,0.047,-0.025,0.022,0.000,0.000,5.2500E-4,0.000,0.000
,,,,,,,14.800,7.031,1.895,-1.047,0.1678,0.045,-0.025,0.022,0.000,0.000,5.2500E-4,0.000,0.000
,,,,,,,14.850,7.122,1.833,-0.593,0.1700,0.044,-0.014,0.022,0.000,0.000,5.2500E-4,0.000,0.000
,,,,,,,14.900,7.210,1.812,0.419,0.1721,0.043,0.010,0.022,0.000,0.000,5.2500E-4,0.000,0.000
,,,,,,,14.950,7.301,1.864,1.850,0.1743,0.044,0.044,0.022,0.000,0.000,5.2500E-4,0.000,0.000
,,,,,,,15.000,7.395,1.990,2.897,0.1765,0.047,0.069,0.022,0.000,0.000,5.2500E-4,0.000,0.000
,,,,,,,15.050,7.496,2.210,2.513,0.1789,0.053,0.060,0.022,0.000,0.000,5.2500E-4,0.000,0.000
,,,,,,,15.100,7.612,2.335,0.524,0.1817,0.056,0.012,0.022,0.000,0.000,5.2500E-4,0.000,0.000
,,,,,,,15.150,7.747,2.272,-1.885,0.1849,0.054,-0.045,0.022,0.000,0.000,5.2500E-4,0.000,0.000
,,,,,,,15.200,7.845,2.084,-4.992,0.1873,0.050,-0.119,0.022,0.000,0.000,5.2500E-4,0.000,0.000
,,,,,,,15.250,7.945,1.895,-10.612,0.1897,0.045,-0.253,0.022,0.000,0.000,5.2500E-4,0.000,0.000
,,,,,,,15.300,8.039,1.215,-17.523,0.1919,0.029,-0.418,0.022,0.000,0.000,5.2500E-4,0.000,0.000
,,,,,,,15.350,8.121,-0.042,-20.420,0.1939,-1.000E-3,-0.487,0.022,0.000,0.000,5.2500E-4,0.000,0.000
,,,,,,,15.400,8.033,-1.236,-15.638,0.1918,-0.029,-0.373,0.022,0.000,0.000,5.2500E-4,0.000,0.000
,,,,,,,15.450,7.939,-1.780,-7.261,0.1895,-0.042,-0.173,0.022,0.000,0.000,5.2500E-4,0.000,0.000
,,,,,,,15.500,7.851,-1.738,7.327E-14,0.1874,-0.041,3.469E-16,0.022,0.000,0.000,5.2500E-4,0.000,0.000
,,,,,,,15.550,7.769,-1.717,10.716,0.1855,-0.041,0.256,0.022,0.000,0.000,5.2500E-4,0.000,0.000
,,,,,,,15.600,7.681,-1.299,26.494,0.1834,-0.031,0.632,0.022,0.000,0.000,5.2500E-4,0.000,0.000
,,,,,,,15.650,7.593,0.995,36.059,0.1813,0.024,0.861,0.022,0.000,0.000,5.2500E-4,0.000,0.000
,,,,,,,15.700,7.637,3.498,26.005,0.1823,0.083,0.621,0.022,0.000,0.000,5.2500E-4,0.000,0.000
,,,,,,,15.750,8.112,4.304,1.885,0.1936,0.103,0.045,0.022,0.000,0.000,5.2500E-4,0.000,0.000
,,,,,,,15.800,8.212,3.194,-13.823,0.1960,0.076,-0.330,0.022,0.000,0.000,5.2500E-4,0.000,0.000
,,,,,,,15.850,8.310,1.864,-13.160,0.1984,0.044,-0.314,0.022,0.000,0.000,5.2500E-4,0.000,0.000
,,,,,,,15.900,8.397,1.791,-5.096,0.2005,0.043,-0.122,0.022,0.000,0.000,5.2500E-4,0.000,0.000
,,,,,,,15.950,8.485,1.759,-0.314,0.2026,0.042,-0.007,0.022,0.000,0.000,5.2500E-4,0.000,0.000
,,,,,,,16.000,8.573,1.770,0.209,0.2047,0.042,0.005,0.022,0.000,0.000,5.2500E-4,0.000,0.000
,,,,,,,16.050,8.661,1.791,0.454,0.2068,0.043,0.011,0.022,0.000,0.000,5.2500E-4,0.000,0.000
,,,,,,,16.100,8.752,1.822,0.489,0.2089,0.043,0.012,0.022,0.000,0.000,5.2500E-4,0.000,0.000
,,,,,,,16.150,8.844,1.843,0.454,0.2111,0.044,0.011,0.022,0.000,0.000,5.2500E-4,0.000,0.000
,,,,,,,16.200,8.938,1.864,0.419,0.2134,0.044,0.010,0.022,0.000,0.000,5.2500E-4,0.000,0.000
,,,,,,,16.250,9.029,1.885,0.349,0.2155,0.045,0.008,0.022,0.000,0.000,5.2500E-4,0.000,0.000
,,,,,,,16.300,9.126,1.906,0.140,0.2179,0.045,0.003,0.022,0.000,0.000,5.2500E-4,0.000,0.000
,,,,,,,16.350,9.221,1.906,-0.070,0.2201,0.045,-0.002,0.022,0.000,0.000,5.2500E-4,0.000,0.000
,,,,,,,16.400,9.318,1.885,-0.070,0.2224,0.045,-0.002,0.022,0.000,0.000,5.2500E-4,0.000,0.000
,,,,,,,16.450,9.409,1.885,0.140,0.2246,0.045,0.003,0.022,0.000,0.000,5.2500E-4,0.000,0.000
,,,,,,,16.500,9.503,1.906,0.175,0.2269,0.045,0.004,0.022,0.000,0.000,5.2500E-4,0.000,0.000
,,,,,,,16.550,9.601,1.927,-0.244,0.2292,0.046,-0.006,0.022,0.000,0.000,5.2500E-4,0.000,0.000
,,,,,,,16.600,9.698,1.895,-0.803,0.2315,0.045,-0.019,0.022,0.000,0.000,5.2500E-4,0.000,0.000
,,,,,,,16.650,9.792,1.822,-1.012,0.2338,0.043,-0.024,0.022,0.000,0.000,5.2500E-4,0.000,0.000
,,,,,,,16.700,9.880,1.770,-0.733,0.2359,0.042,-0.017,0.022,0.000,0.000,5.2500E-4,0.000,0.000
,,,,,,,16.750,9.965,1.749,-0.244,0.2379,0.042,-0.006,0.022,0.000,0.000,5.2500E-4,0.000,0.000
,,,,,,,16.800,10.056,1.749,0.175,0.2401,0.042,0.004,0.022,0.000,0.000,5.2500E-4,0.000,0.000
,,,,,,,16.850,10.141,1.770,0.419,0.2421,0.042,0.010,0.022,0.000,0.000,5.2500E-4,0.000,0.000
,,,,,,,16.900,10.229,1.801,0.314,0.2442,0.043,0.007,0.022,0.000,0.000,5.2500E-4,0.000,0.000
,,,,,,,16.950,10.323,1.822,-0.244,0.2464,0.043,-0.006,0.022,0.000,0.000,5.2500E-4,0.000,0.000
,,,,,,,17.000,10.414,1.791,-1.047,0.2486,0.043,-0.025,0.022,0.000,-0.035,5.2500E-4,0.000,-8.333E-4
,,,,,,,17.050,10.502,1.707,-2.583,0.2507,0.041,-0.062,0.022,0.000,-0.105,5.2500E-4,0.000,-0.002
,,,,,,,17.100,10.587,1.602,-5.760,0.2527,0.038,-0.137,0.022,-0.010,-0.140,5.2500E-4,-2.500E-4,-0.003
,,,,,,,17.150,10.663,1.236,-9.879,0.2545,0.029,-0.236,0.022,-0.021,-0.105,5.2500E-4,-5.000E-4,-0.002
,,,,,,,17.200,10.735,0.534,-11.903,0.2563,0.013,-0.284,0.019,-0.021,-0.035,4.5000E-4,-5.000E-4,-8.333E-4
,,,,,,,17.250,10.725,-0.188,-9.215,0.2560,-0.004,-0.220,0.019,-0.021,-0.070,4.5000E-4,-5.000E-4,-0.002
,,,,,,,17.300,10.685,-0.545,-3.386,0.2551,-0.013,-0.081,0.019,-0.021,-0.209,4.5000E-4,-5.000E-4,-0.005
,,,,,,,17.350,10.656,-0.450,1.676,0.2544,-0.011,0.040,0.016,-0.042,-0.314,3.7500E-4,-1.000E-3,-0.007
,,,,,,,17.400,10.641,-0.220,3.910,0.2540,-0.005,0.093,0.016,-0.063,-0.314,3.7500E-4,-0.001,-0.007
,,,,,,,17.450,10.634,-0.010,4.119,0.2539,-2.500E-4,0.098,0.009,-0.073,-0.279,2.2500E-4,-0.002,-0.007
,,,,,,,17.500,10.641,0.188,3.840,0.2540,0.004,0.092,0.006,-0.084,-0.384,1.5000E-4,-0.002,-0.009
,,,,,,,17.550,10.653,0.377,2.688,0.2543,0.009,0.064,0.003,-0.105,-0.593,7.5000E-5,-0.002,-0.014
,,,,,,,17.600,10.678,0.545,-0.314,0.2549,0.013,-0.007,-0.003,-0.147,-0.803,-7.5000E-5,-0.003,-0.019
,,,,,,,17.650,10.710,0.440,-4.468,0.2557,0.010,-0.107,-0.013,-0.188,-1.047,-3.0000E-4,-0.004,-0.025
,,,,,,,17.700,10.747,0.031,-7.226,0.2566,7.500E-4,-0.172,-0.022,-0.241,-1.431,-5.2500E-4,-0.006,-0.034
,,,,,,,17.750,10.716,-0.450,-6.562,0.2558,-0.011,-0.157,-0.035,-0.325,-1.885,-8.2500E-4,-0.008,-0.045
,,,,,,,17.800,10.681,-0.733,-3.665,0.2550,-0.017,-0.087,-0.053,-0.440,-2.164,-0.0013,-0.010,-0.052
,,,,,,,17.850,10.641,-0.764,-0.942,0.2540,-0.018,-0.022,-0.079,-0.555,-2.129,-0.0019,-0.013,-0.051
,,,,,,,17.900,10.603,-0.754,0.419,0.2531,-0.018,0.010,-0.110,-0.660,-1.850,-0.0026,-0.016,-0.044
,,,,,,,17.950,10.565,-0.712,0.873,0.2522,-0.017,0.021,-0.145,-0.744,-1.466,-0.0034,-0.018,-0.035
,,,,,,,18.000,10.531,-0.660,1.117,0.2514,-0.016,0.027,-0.185,-0.806,-1.047,-0.0044,-0.019,-0.025
,,,,,,,18.050,10.499,-0.597,1.222,0.2506,-0.014,0.029,-0.226,-0.848,-0.663,-0.0054,-0.020,-0.016
,,,,,,,18.100,10.471,-0.534,1.222,0.2500,-0.013,0.029,-0.270,-0.869,-0.314,-0.0064,-0.021,-0.007
,,,,,,,18.150,10.446,-0.471,1.152,0.2494,-0.011,0.027,-0.314,-0.880,-1.055E-13,-0.0075,-0.021,-2.429E-15
,,,,,,,18.200,10.424,-0.419,1.082,0.2488,-0.010,0.026,-0.358,-0.869,0.279,-0.0085,-0.021,0.007
,,,,,,,18.250,10.405,-0.367,1.012,0.2484,-0.009,0.024,-0.402,-0.848,0.559,-0.0096,-0.020,0.013
,,,,,,,18.300,10.386,-0.314,0.873,0.2479,-0.007,0.021,-0.443,-0.817,0.873,-0.0106,-0.019,0.021
,,,,,,,18.350,10.374,-0.272,0.628,0.2476,-0.006,0.015,-0.484,-0.764,1.187,-0.0115,-0.018,0.028
,,,,,,,18.400,10.361,-0.251,0.384,0.2473,-0.006,0.009,-0.522,-0.691,1.361,-0.0124,-0.016,0.032
,,,,,,,18.450,10.348,-0.241,0.244,0.2470,-0.006,0.006,-0.553,-0.618,1.361,-0.0132,-0.015,0.032
,,,,,,,18.500,10.336,-0.230,0.279,0.2467,-0.005,0.007,-0.581,-0.555,1.361,-0.0139,-0.013,0.032
,,,,,,,18.550,10.326,-0.220,0.489,0.2465,-0.005,0.012,-0.609,-0.492,1.536,-0.0145,-0.012,0.037
,,,,,,,18.600,10.314,-0.188,0.803,0.2462,-0.004,0.019,-0.631,-0.408,1.815,-0.0151,-0.010,0.043
,,,,,,,18.650,10.304,-0.136,1.012,0.2460,-0.003,0.024,-0.650,-0.304,2.059,-0.0155,-0.007,0.049
,,,,,,,18.700,10.301,-0.073,0.908,0.2459,-0.002,0.022,-0.663,-0.199,2.234,-0.0158,-0.005,0.053
,,,,,,,18.750,10.298,-0.031,0.489,0.2458,-7.500E-4,0.012,-0.669,-0.084,2.409,-0.0160,-0.002,0.057
,,,,,,,18.800,10.298,-0.021,-0.105,0.2458,-5.000E-4,-0.002,-0.672,0.042,2.548,-0.0160,1.000E-3,0.061
,,,,,,,18.850,10.298,-0.042,-0.698,0.2458,-1.000E-3,-0.017,-0.666,0.178,2.443,-0.0159,0.004,0.058
,,,,,,,18.900,10.295,-0.094,-1.222,0.2458,-0.002,-0.029,-0.653,0.304,2.059,-0.0156,0.007,0.049
,,,,,,,18.950,10.289,-0.168,-1.710,0.2456,-0.004,-0.041,-0.635,0.387,1.536,-0.0151,0.009,0.037
,,,,,,,19.000,10.279,-0.262,-2.199,0.2454,-0.006,-0.052,-0.613,0.450,1.012,-0.0146,0.011,0.024
,,,,,,,19.050,10.264,-0.387,-2.653,0.2450,-0.009,-0.063,-0.591,0.492,0.454,-0.0141,0.012,0.011
,,,,,,,19.100,10.242,-0.534,-3.002,0.2445,-0.013,-0.072,-0.562,0.503,-0.279,-0.0134,0.012,-0.007
,,,,,,,19.150,10.210,-0.691,-3.211,0.2437,-0.016,-0.077,-0.537,0.471,-1.152,-0.0128,0.011,-0.027
,,,,,,,19.200,10.172,-0.859,-3.281,0.2428,-0.020,-0.078,-0.515,0.387,-2.059,-0.0123,0.009,-0.049
,,,,,,,19.250,10.125,-1.026,-3.107,0.2417,-0.024,-0.074,-0.496,0.262,-2.932,-0.0118,0.006,-0.070
,,,,,,,19.300,10.069,-1.183,-2.618,0.2404,-0.028,-0.062,-0.487,0.094,-3.735,-0.0116,0.002,-0.089
,,,,,,,19.350,10.006,-1.299,-1.920,0.2389,-0.031,-0.046,-0.487,-0.115,-4.398,-0.0116,-0.003,-0.105
,,,,,,,19.400,9.937,-1.372,-1.152,0.2372,-0.033,-0.027,-0.496,-0.356,-4.747,-0.0118,-0.008,-0.113
,,,,,,,19.450,9.868,-1.414,-0.419,0.2356,-0.034,-0.010,-0.522,-0.607,-4.712,-0.0124,-0.014,-0.112
,,,,,,,19.500,9.795,-1.414,0.314,0.2338,-0.034,0.007,-0.559,-0.838,-4.363,-0.0133,-0.020,-0.104
,,,,,,,19.550,9.723,-1.382,1.082,0.2321,-0.033,0.026,-0.606,-1.047,-3.840,-0.0145,-0.025,-0.092
,,,,,,,19.600,9.657,-1.309,1.955,0.2305,-0.031,0.047,-0.663,-1.225,-3.211,-0.0158,-0.029,-0.077
,,,,,,,19.650,9.591,-1.194,3.002,0.2290,-0.028,0.072,-0.732,-1.372,-2.443,-0.0175,-0.033,-0.058
,,,,,,,19.700,9.535,-1.016,4.119,0.2276,-0.024,0.098,-0.801,-1.477,-1.501,-0.0191,-0.035,-0.036
,,,,,,,19.750,9.488,-0.775,5.131,0.2265,-0.018,0.122,-0.880,-1.529,-0.314,-0.0210,-0.036,-0.007
,,,,,,,19.800,9.456,-0.492,5.899,0.2257,-0.012,0.141,-0.958,-1.518,1.047,-0.0229,-0.036,0.025
,,,,,,,19.850,9.437,-0.178,6.388,0.2253,-0.004,0.152,-1.034,-1.424,2.443,-0.0247,-0.034,0.058
,,,,,,,19.900,9.437,0.157,6.528,0.2253,0.004,0.156,-1.103,-1.267,3.805,-0.0263,-0.030,0.091
,,,,,,,19.950,9.453,0.492,6.144,0.2257,0.012,0.147,-1.162,-1.047,5.131,-0.0277,-0.025,0.122
,,,,,,,20.000,9.488,0.796,5.027,0.2265,0.019,0.120,-1.210,-0.754,6.388,-0.0289,-0.018,0.152
,,,,,,,20.050,9.535,1.026,3.072,0.2276,0.024,0.073,-1.241,-0.398,7.330,-0.0296,-0.009,0.175
,,,,,,,20.100,9.594,1.131,0.489,0.2290,0.027,0.012,-1.250,0.000,7.679,-0.0298,0.000,0.183
,,,,,,,20.150,9.654,1.079,-2.164,0.2305,0.026,-0.052,-1.241,0.398,7.330,-0.0296,0.009,0.175
,,,,,,,20.200,9.708,0.890,-4.328,0.2317,0.021,-0.103,-1.210,0.754,6.353,-0.0289,0.018,0.152
,,,,,,,20.250,9.745,0.618,-5.760,0.2326,0.015,-0.137,-1.162,1.047,4.957,-0.0277,0.025,0.118
,,,,,,,20.300,9.770,0.293,-6.528,0.2332,0.007,-0.156,-1.103,1.257,3.351,-0.0263,0.030,0.080
,,,,,,,20.350,9.777,-0.052,-6.772,0.2334,-0.001,-0.162,-1.034,1.382,1.710,-0.0247,0.033,0.041
,,,,,,,20.400,9.764,-0.398,-6.667,0.2331,-0.009,-0.159,-0.961,1.424,0.140,-0.0229,0.034,0.003
,,,,,,,20.450,9.736,-0.723,-6.423,0.2324,-0.017,-0.153,-0.889,1.393,-1.361,-0.0212,0.033,-0.032
,,,,,,,20.500,9.692,-1.037,-6.109,0.2314,-0.025,-0.146,-0.820,1.288,-2.793,-0.0196,0.031,-0.067
,,,,,,,20.550,9.632,-1.340,-5.620,0.2299,-0.032,-0.134,-0.757,1.110,-4.119,-0.0181,0.026,-0.098
,,,,,,,20.600,9.557,-1.613,-4.922,0.2281,-0.038,-0.117,-0.707,0.869,-5.236,-0.0169,0.021,-0.125
,,,,,,,20.650,9.469,-1.833,-4.014,0.2260,-0.044,-0.096,-0.669,0.576,-6.109,-0.0160,0.014,-0.146
,,,,,,,20.700,9.371,-2.021,-2.723,0.2237,-0.048,-0.065,-0.647,0.251,-6.667,-0.0154,0.006,-0.159
,,,,,,,20.750,9.268,-2.136,-0.768,0.2212,-0.051,-0.018,-0.644,-0.105,-6.772,-0.0154,-0.002,-0.162
,,,,,,,20.800,9.151,-2.126,1.745,0.2185,-0.051,0.042,-0.657,-0.450,-6.353,-0.0157,-0.011,-0.152
,,,,,,,20.850,9.048,-1.958,4.049,0.2160,-0.047,0.097,-0.691,-0.754,-5.515,-0.0165,-0.018,-0.132
,,,,,,,20.900,8.954,-1.676,5.550,0.2137,-0.040,0.132,-0.735,-1.005,-4.503,-0.0175,-0.024,-0.107
,,,,,,,20.950,8.878,-1.372,6.248,0.2119,-0.033,0.149,-0.792,-1.204,-3.351,-0.0189,-0.029,-0.080
,,,,,,,21.000,8.818,-1.047,6.528,0.2105,-0.025,0.156,-0.858,-1.351,-1.990,-0.0205,-0.032,-0.047
,,,,,,,21.050,8.771,-0.712,6.667,0.2094,-0.017,0.159,-0.930,-1.414,-0.419,-0.0222,-0.034,-0.010
,,,,,,,21.100,8.746,-0.377,6.667,0.2088,-0.009,0.159,-1.002,-1.393,1.257,-0.0239,-0.033,0.030
,,,,,,,21.150,8.737,-0.042,6.528,0.2086,-1.000E-3,0.156,-1.071,-1.288,2.897,-0.0256,-0.031,0.069
,,,,,,,21.200,8.740,0.283,6.074,0.2086,0.007,0.145,-1.134,-1.100,4.398,-0.0271,-0.026,0.105
,,,,,,,21.250,8.765,0.586,5.061,0.2092,0.014,0.121,-1.184,-0.838,5.655,-0.0283,-0.020,0.135
,,,,,,,21.300,8.803,0.817,3.421,0.2101,0.019,0.082,-1.219,-0.524,6.597,-0.0291,-0.012,0.157
,,,,,,,21.350,8.850,0.942,1.326,0.2113,0.022,0.032,-1.238,-0.168,7.156,-0.0295,-0.004,0.171
,,,,,,,21.400,8.900,0.953,-0.873,0.2125,0.023,-0.021,-1.238,0.209,7.191,-0.0295,0.005,0.172
,,,,,,,21.450,8.950,0.848,-2.862,0.2137,0.020,-0.068,-1.216,0.576,6.562,-0.0290,0.014,0.157
,,,,,,,21.500,8.988,0.649,-4.433,0.2146,0.015,-0.106,-1.178,0.890,5.376,-0.0281,0.021,0.128
,,,,,,,21.550,9.016,0.387,-5.550,0.2152,0.009,-0.132,-1.125,1.121,3.910,-0.0268,0.027,0.093
,,,,,,,21.600,9.029,0.084,-6.213,0.2155,0.002,-0.148,-1.062,1.278,2.409,-0.0253,0.030,0.057
,,,,,,,21.650,9.026,-0.251,-6.423,0.2155,-0.006,-0.153,-0.996,1.361,0.942,-0.0238,0.032,0.022
,,,,,,,21.700,9.004,-0.576,-6.213,0.2149,-0.014,-0.148,-0.924,1.372,-0.559,-0.0220,0.033,-0.013
,,,,,,,21.750,8.966,-0.880,-5.655,0.2140,-0.021,-0.135,-0.855,1.309,-2.059,-0.0204,0.031,-0.049
,,,,,,,21.800,8.916,-1.152,-4.852,0.2128,-0.027,-0.116,-0.792,1.162,-3.456,-0.0189,0.028,-0.082
,,,,,,,21.850,8.850,-1.372,-3.910,0.2113,-0.033,-0.093,-0.735,0.953,-4.608,-0.0175,0.023,-0.110
,,,,,,,21.900,8.774,-1.539,-2.967,0.2095,-0.037,-0.071,-0.694,0.691,-5.480,-0.0166,0.016,-0.131
,,,,,,,21.950,8.696,-1.665,-1.990,0.2076,-0.040,-0.047,-0.666,0.398,-6.144,-0.0159,0.009,-0.147
,,,,,,,22.000,8.608,-1.749,-0.768,0.2055,-0.042,-0.018,-0.653,0.073,-6.528,-0.0156,0.002,-0.156
,,,,,,,22.050,8.517,-1.759,1.012,0.2033,-0.042,0.024,-0.657,-0.272,-6.423,-0.0157,-0.006,-0.153
,,,,,,,22.100,8.429,-1.676,4.119,0.2012,-0.040,0.098,-0.682,-0.597,-5.725,-0.0163,-0.014,-0.137
,,,,,,,22.150,8.347,-1.435,8.412,0.1993,-0.034,0.201,-0.719,-0.859,-4.677,-0.0172,-0.020,-0.112
,,,,,,,22.200,8.275,-0.838,11.519,0.1975,-0.020,0.275,-0.770,-1.058,-3.595,-0.0184,-0.025,-0.086
,,,,,,,22.250,8.240,-0.073,10.297,0.1967,-0.002,0.246,-0.826,-1.215,-2.513,-0.0197,-0.029,-0.060
,,,,,,,22.300,8.284,0.419,4.468,0.1978,0.010,0.107,-0.892,-1.319,-1.222,-0.0213,-0.031,-0.029
,,,,,,,22.350,8.316,0.398,-2.164,0.1985,0.009,-0.052,-0.961,-1.351,0.419,-0.0229,-0.032,0.010
,,,,,,,22.400,8.325,0.031,-5.236,0.1987,7.500E-4,-0.125,-1.030,-1.288,2.269,-0.0246,-0.031,0.054
,,,,,,,22.450,8.319,-0.335,-3.246,0.1986,-0.008,-0.077,-1.093,-1.121,4.014,-0.0261,-0.027,0.096
,,,,,,,22.500,8.291,-0.419,1.780,0.1979,-0.010,0.042,-1.147,-0.869,5.411,-0.0274,-0.021,0.129
,,,,,,,22.550,8.250,-0.126,5.969,0.1969,-0.003,0.142,-1.181,-0.565,6.388,-0.0282,-0.013,0.152
,,,,,,,22.600,8.269,0.356,6.423,0.1974,0.008,0.153,-1.203,-0.220,7.016,-0.0287,-0.005,0.167
,,,,,,,22.650,8.303,0.681,3.456,0.1982,0.016,0.082,-1.206,0.147,7.191,-0.0288,0.003,0.172
,,,,,,,22.700,8.344,0.702,-0.419,0.1992,0.017,-0.010,-1.188,0.524,6.737,-0.0283,0.012,0.161
,,,,,,,22.750,8.379,0.565,-3.211,0.2000,0.013,-0.077,-1.153,0.848,5.655,-0.0275,0.020,0.135
,,,,,,,22.800,8.404,0.346,-4.712,0.2006,0.008,-0.112,-1.100,1.100,4.154,-0.0262,0.026,0.099
,,,,,,,22.850,8.413,0.073,-5.480,0.2008,0.002,-0.131,-1.040,1.267,2.548,-0.0248,0.030,0.061
,,,,,,,22.900,8.413,-0.220,-5.794,0.2008,-0.005,-0.138,-0.971,1.351,1.012,-0.0232,0.032,0.024
,,,,,,,22.950,8.391,-0.513,-4.887,0.2003,-0.012,-0.117,-0.902,1.361,-0.384,-0.0215,0.032,-0.009
,,,,,,,23.000,8.360,-0.806,-1.012,0.1996,-0.019,-0.024,-0.833,1.309,-1.745,-0.0199,0.031,-0.042
,,,,,,,23.050,8.313,-0.806,6.074,0.1984,-0.019,0.145,-0.770,1.194,-3.142,-0.0184,0.028,-0.075
,,,,,,,23.100,8.250,-0.230,12.915,0.1969,-0.005,0.308,-0.710,0.995,-4.468,-0.0169,0.024,-0.107
,,,,,,,23.150,8.259,0.733,14.591,0.1972,0.017,0.348,-0.666,0.733,-5.480,-0.0159,0.017,-0.131
,,,,,,,23.200,8.344,1.529,10.332,0.1992,0.036,0.247,-0.638,0.429,-6.074,-0.0152,0.010,-0.145
,,,,,,,23.250,8.438,1.812,4.084,0.2014,0.043,0.097,-0.622,0.115,-6.318,-0.0148,0.003,-0.151
,,,,,,,23.300,8.529,1.791,-1.501,0.2036,0.043,-0.036,-0.625,-0.209,-6.213,-0.0149,-0.005,-0.148
,,,,,,,23.350,8.617,1.696,-10.856,0.2057,0.040,-0.259,-0.644,-0.524,-5.725,-0.0154,-0.012,-0.137
,,,,,,,23.400,8.702,1.194,-23.876,0.2077,0.028,-0.570,-0.679,-0.796,-4.852,-0.0162,-0.019,-0.116
,,,,,,,23.450,8.774,-0.848,-29.566,0.2095,-0.020,-0.706,-0.726,-1.016,-3.735,-0.0173,-0.024,-0.089
,,,,,,,23.500,8.730,-2.827,-17.698,0.2084,-0.067,-0.422,-0.782,-1.173,-2.478,-0.0187,-0.028,-0.059
,,,,,,,23.550,8.335,-3.152,5.027,0.1990,-0.075,0.120,-0.845,-1.267,-1.117,-0.0202,-0.030,-0.027
,,,,,,,23.600,8.294,-1.812,18.640,0.1980,-0.043,0.445,-0.911,-1.288,0.314,-0.0217,-0.031,0.007
,,,,,,,23.650,8.266,-0.356,17.349,0.1973,-0.008,0.414,-0.977,-1.236,1.745,-0.0233,-0.029,0.042
,,,,,,,23.700,8.256,-0.031,9.041,0.1971,-7.500E-4,0.216,-1.037,-1.110,3.107,-0.0247,-0.026,0.074
,,,,,,,23.750,8.266,0.272,1.885,0.1973,0.006,0.045,-1.090,-0.922,4.363,-0.0260,-0.022,0.104
,,,,,,,23.800,8.284,0.272,-3.002,0.1978,0.006,-0.072,-1.131,-0.670,5.445,-0.0270,-0.016,0.130
,,,,,,,23.850,8.319,-0.094,-6.353,0.1986,-0.002,-0.152,-1.159,-0.367,6.213,-0.0277,-0.009,0.148
,,,,,,,23.900,8.284,-0.565,-5.480,0.1978,-0.013,-0.131,-1.169,-0.031,6.458,-0.0279,-7.500E-4,0.154
,,,,,,,23.950,8.237,-0.796,-1.466,0.1966,-0.019,-0.035,-1.162,0.304,6.109,-0.0277,0.007,0.146
,,,,,,,24.000,8.196,-0.670,2.618,0.1957,-0.016,0.062,-1.137,0.597,5.306,-0.0271,0.014,0.127
,,,,,,,24.050,8.168,-0.429,4.922,0.1950,-0.010,0.117,-1.100,0.838,4.259,-0.0262,0.020,0.102
,,,,,,,24.100,8.152,-0.147,5.760,0.1946,-0.003,0.137,-1.052,1.026,3.072,-0.0251,0.024,0.073
,,,,,,,24.150,8.152,0.157,6.039,0.1946,0.004,0.144,-0.996,1.152,1.710,-0.0238,0.027,0.041
,,,,,,,24.200,8.168,0.471,4.084,0.1950,0.011,0.097,-0.933,1.204,0.244,-0.0223,0.029,0.006
,,,,,,,24.250,8.200,0.764,-1.571,0.1957,0.018,-0.037,-0.873,1.173,-1.152,-0.0208,0.028,-0.027
,,,,,,,24.300,8.247,0.471,-8.866,0.1969,0.011,-0.212,-0.814,1.079,-2.374,-0.0194,0.026,-0.057
,,,,,,,24.350,8.303,-0.314,-12.776,0.1982,-0.007,-0.305,-0.763,0.932,-3.421,-0.0182,0.022,-0.082
,,,,,,,24.400,8.206,-1.110,-10.472,0.1959,-0.026,-0.250,-0.719,0.733,-4.328,-0.0172,0.017,-0.103
,,,,,,,24.450,8.146,-1.487,-5.550,0.1945,-0.035,-0.132,-0.688,0.492,-5.027,-0.0164,0.012,-0.120
,,,,,,,24.500,8.071,-1.497,-1.955,0.1927,-0.036,-0.047,-0.669,0.220,-5.480,-0.0160,0.005,-0.131
,,,,,,,24.550,7.992,-1.592,-0.419,0.1908,-0.038,-0.010,-0.666,-0.063,-5.655,-0.0159,-0.001,-0.135
,,,,,,,24.600,7.911,-1.592,0.663,0.1888,-0.038,0.016,-0.675,-0.356,-5.480,-0.0161,-0.008,-0.131
,,,,,,,24.650,7.829,-1.518,2.129,0.1869,-0.036,0.051,-0.701,-0.628,-4.852,-0.0167,-0.015,-0.116
,,,,,,,24.700,7.757,-1.372,3.316,0.1852,-0.033,0.079,-0.741,-0.859,-3.805,-0.0177,-0.020,-0.091
,,,,,,,24.750,7.691,-1.173,4.224,0.1836,-0.028,0.101,-0.789,-1.016,-2.618,-0.0188,-0.024,-0.062
,,,,,,,24.800,7.637,-0.942,4.852,0.1823,-0.022,0.116,-0.845,-1.110,-1.501,-0.0202,-0.026,-0.036
,,,,,,,24.850,7.596,-0.681,5.236,0.1813,-0.016,0.125,-0.902,-1.162,-0.454,-0.0215,-0.028,-0.011
,,,,,,,24.900,7.568,-0.408,5.376,0.1807,-0.010,0.128,-0.961,-1.162,0.733,-0.0229,-0.028,0.017
,,,,,,,24.950,7.556,-0.136,5.271,0.1804,-0.003,0.126,-1.021,-1.100,2.094,-0.0244,-0.026,0.050
,,,,,,,25.000,7.556,0.126,4.887,0.1804,0.003,0.117,-1.074,-0.953,3.421,-0.0256,-0.023,0.082
,,,,,,,25.050,7.568,0.367,4.119,0.1807,0.009,0.098,-1.118,-0.744,4.503,-0.0267,-0.018,0.107
,,,,,,,25.100,7.593,0.555,2.897,0.1813,0.013,0.069,-1.150,-0.492,5.306,-0.0274,-0.012,0.127
,,,,,,,25.150,7.628,0.670,1.326,0.1821,0.016,0.032,-1.169,-0.209,5.864,-0.0279,-0.005,0.140
,,,,,,,25.200,7.662,0.691,-0.349,0.1829,0.016,-0.008,-1.172,0.105,6.039,-0.0280,0.002,0.144
,,,,,,,25.250,7.700,0.628,-1.920,0.1838,0.015,-0.046,-1.159,0.419,5.655,-0.0277,0.010,0.135
,,,,,,,25.300,7.728,0.492,-3.211,0.1845,0.012,-0.077,-1.128,0.691,4.712,-0.0269,0.016,0.112
,,,,,,,25.350,7.750,0.293,-4.189,0.1850,0.007,-0.100,-1.087,0.901,3.491,-0.0259,0.021,0.083
,,,,,,,25.400,7.760,0.063,-4.817,0.1852,0.001,-0.115,-1.037,1.037,2.269,-0.0247,0.025,0.054
,,,,,,,25.450,7.757,-0.199,-5.131,0.1852,-0.005,-0.122,-0.980,1.121,1.152,-0.0234,0.027,0.027
,,,,,,,25.500,7.741,-0.461,-5.166,0.1848,-0.011,-0.123,-0.924,1.152,0.070,-0.0220,0.027,0.002
,,,,,,,25.550,7.709,-0.723,-4.992,0.1840,-0.017,-0.119,-0.864,1.131,-1.117,-0.0206,0.027,-0.027
,,,,,,,25.600,7.669,-0.963,-4.747,0.1831,-0.023,-0.113,-0.807,1.047,-2.339,-0.0193,0.025,-0.056
,,,,,,,25.650,7.612,-1.194,-4.398,0.1817,-0.028,-0.105,-0.757,0.890,-3.456,-0.0181,0.021,-0.082
,,,,,,,25.700,7.549,-1.414,-3.805,0.1802,-0.034,-0.091,-0.716,0.691,-4.363,-0.0171,0.016,-0.104
,,,,,,,25.750,7.471,-1.592,-2.723,0.1783,-0.038,-0.065,-0.688,0.450,-5.027,-0.0164,0.011,-0.120
,,,,,,,25.800,7.386,-1.707,-1.222,0.1763,-0.041,-0.029,-0.669,0.178,-5.411,-0.0160,0.004,-0.129
,,,,,,,25.850,7.298,-1.717,0.384,0.1742,-0.041,0.009,-0.669,-0.105,-5.411,-0.0160,-0.002,-0.129
,,,,,,,25.900,7.210,-1.655,1.745,0.1721,-0.039,0.042,-0.682,-0.377,-5.061,-0.0163,-0.009,-0.121
,,,,,,,25.950,7.131,-1.529,2.723,0.1702,-0.036,0.065,-0.707,-0.618,-4.433,-0.0169,-0.015,-0.106
,,,,,,,26.000,7.056,-1.372,3.491,0.1684,-0.033,0.083,-0.745,-0.827,-3.560,-0.0178,-0.020,-0.085
,,,,,,,26.050,6.993,-1.183,4.189,0.1669,-0.028,0.100,-0.792,-0.984,-2.513,-0.0189,-0.023,-0.060
,,,,,,,26.100,6.937,-0.953,4.817,0.1656,-0.023,0.115,-0.845,-1.079,-1.396,-0.0202,-0.026,-0.033
,,,,,,,26.150,6.896,-0.691,5.201,0.1646,-0.016,0.124,-0.902,-1.121,-0.314,-0.0215,-0.027,-0.007
,,,,,,,26.200,6.868,-0.419,5.306,0.1639,-0.010,0.127,-0.958,-1.110,0.803,-0.0229,-0.026,0.019
,,,,,,,26.250,6.855,-0.157,5.166,0.1636,-0.004,0.123,-1.015,-1.047,2.059,-0.0242,-0.025,0.049
,,,,,,,26.300,6.852,0.105,4.747,0.1636,0.002,0.113,-1.065,-0.911,3.351,-0.0254,-0.022,0.080
,,,,,,,26.350,6.864,0.335,3.910,0.1639,0.008,0.093,-1.109,-0.702,4.468,-0.0265,-0.017,0.107
,,,,,,,26.400,6.890,0.513,2.618,0.1645,0.012,0.062,-1.137,-0.450,5.201,-0.0271,-0.011,0.124
,,,,,,,26.450,6.918,0.607,1.082,0.1651,0.014,0.026,-1.153,-0.168,5.550,-0.0275,-0.004,0.132
,,,,,,,26.500,6.952,0.618,-0.489,0.1660,0.015,-0.012,-1.156,0.115,5.585,-0.0276,0.003,0.133
,,,,,,,26.550,6.984,0.555,-1.885,0.1667,0.013,-0.045,-1.140,0.398,5.271,-0.0272,0.009,0.126
,,,,,,,26.600,7.009,0.419,-3.002,0.1673,0.010,-0.072,-1.115,0.660,4.573,-0.0266,0.016,0.109
,,,,,,,26.650,7.028,0.241,-3.840,0.1678,0.006,-0.092,-1.074,0.869,3.491,-0.0256,0.021,0.083
,,,,,,,26.700,7.034,0.031,-4.433,0.1679,7.500E-4,-0.106,-1.024,1.016,2.234,-0.0244,0.024,0.053
,,,,,,,26.750,7.031,-0.209,-4.817,0.1678,-0.005,-0.115,-0.971,1.089,1.047,-0.0232,0.026,0.025
,,,,,,,26.800,7.015,-0.461,-4.922,0.1675,-0.011,-0.117,-0.914,1.110,-0.035,-0.0218,0.026,-8.333E-4
,,,,,,,26.850,6.984,-0.712,-4.782,0.1667,-0.017,-0.114,-0.858,1.089,-1.117,-0.0205,0.026,-0.027
,,,,,,,26.900,6.943,-0.942,-4.503,0.1657,-0.022,-0.107,-0.804,1.005,-2.234,-0.0192,0.024,-0.053
,,,,,,,26.950,6.890,-1.162,-4.084,0.1645,-0.028,-0.097,-0.754,0.859,-3.281,-0.0180,0.020,-0.078
,,,,,,,27.000,6.827,-1.361,-3.456,0.1630,-0.032,-0.082,-0.716,0.670,-4.119,-0.0171,0.016,-0.098
,,,,,,,27.050,6.751,-1.518,-2.583,0.1612,-0.036,-0.062,-0.688,0.440,-4.747,-0.0164,0.010,-0.113
,,,,,,,27.100,6.673,-1.623,-1.571,0.1593,-0.039,-0.037,-0.669,0.188,-5.131,-0.0160,0.004,-0.122
,,,,,,,27.150,6.588,-1.676,-0.419,0.1573,-0.040,-0.010,-0.669,-0.084,-5.166,-0.0160,-0.002,-0.123
,,,,,,,27.200,6.503,-1.676,0.873,0.1552,-0.040,0.021,-0.679,-0.346,-4.852,-0.0162,-0.008,-0.116
,,,,,,,27.250,6.418,-1.592,2.164,0.1532,-0.038,0.052,-0.704,-0.576,-4.259,-0.0168,-0.014,-0.102
,,,,,,,27.300,6.340,-1.445,3.246,0.1513,-0.034,0.077,-0.738,-0.775,-3.526,-0.0176,-0.018,-0.084
,,,,,,,27.350,6.274,-1.257,4.084,0.1498,-0.030,0.097,-0.782,-0.932,-2.618,-0.0187,-0.022,-0.062
,,,,,,,27.400,6.214,-1.037,4.817,0.1483,-0.025,0.115,-0.833,-1.047,-1.501,-0.0199,-0.025,-0.036
,,,,,,,27.450,6.167,-0.775,5.376,0.1472,-0.018,0.128,-0.889,-1.089,-0.279,-0.0212,-0.026,-0.007
,,,,,,,27.500,6.136,-0.482,5.550,0.1465,-0.011,0.132,-0.946,-1.068,0.908,-0.0226,-0.025,0.022
,,,,,,,27.550,6.120,-0.199,5.271,0.1461,-0.005,0.126,-0.996,-0.995,1.990,-0.0238,-0.024,0.047
,,,,,,,27.600,6.117,0.052,4.712,0.1460,0.001,0.112,-1.046,-0.869,3.072,-0.0250,-0.021,0.073
,,,,,,,27.650,6.126,0.272,3.944,0.1462,0.006,0.094,-1.087,-0.691,4.084,-0.0259,-0.016,0.097
,,,,,,,27.700,6.145,0.461,2.862,0.1467,0.011,0.068,-1.115,-0.450,4.852,-0.0266,-0.011,0.116
,,,,,,,27.750,6.173,0.576,1.396,0.1474,0.014,0.033,-1.134,-0.188,5.236,-0.0271,-0.004,0.125
,,,,,,,27.800,6.208,0.607,-0.314,0.1482,0.014,-0.007,-1.134,0.084,5.201,-0.0271,0.002,0.124
,,,,,,,27.850,6.236,0.545,-1.990,0.1489,0.013,-0.047,-1.125,0.346,4.817,-0.0268,0.008,0.115
,,,,,,,27.900,6.264,0.398,-3.456,0.1495,0.009,-0.082,-1.100,0.576,4.084,-0.0262,0.014,0.097
,,,,,,,27.950,6.280,0.188,-4.538,0.1499,0.004,-0.108,-1.065,0.764,3.072,-0.0254,0.018,0.073
,,,,,,,28.000,6.283,-0.073,-5.131,0.1500,-0.002,-0.122,-1.021,0.890,1.885,-0.0244,0.021,0.045
,,,,,,,28.050,6.274,-0.346,-5.201,0.1498,-0.008,-0.124,-0.974,0.953,0.663,-0.0232,0.023,0.016
,,,,,,,28.100,6.249,-0.607,-4.852,0.1492,-0.014,-0.116,-0.924,0.953,-0.454,-0.0220,0.023,-0.011
,,,,,,,28.150,6.211,-0.838,-4.363,0.1483,-0.020,-0.104,-0.877,0.901,-1.431,-0.0209,0.021,-0.034
,,,,,,,28.200,6.164,-1.037,-3.910,0.1471,-0.025,-0.093,-0.833,0.806,-2.269,-0.0199,0.019,-0.054
,,,,,,,28.250,6.107,-1.225,-3.421,0.1458,-0.029,-0.082,-0.795,0.670,-2.967,-0.0190,0.016,-0.071
,,,,,,,28.300,6.041,-1.393,-2.548,0.1442,-0.033,-0.061,-0.763,0.503,-3.456,-0.0182,0.012,-0.082
,,,,,,,28.350,5.966,-1.508,-1.117,0.1424,-0.036,-0.027,-0.745,0.314,-3.665,-0.0178,0.007,-0.087
,,,,,,,28.400,5.887,-1.518,0.593,0.1405,-0.036,0.014,-0.732,0.126,-3.630,-0.0175,0.003,-0.087
,,,,,,,28.450,5.809,-1.435,2.688,0.1387,-0.034,0.064,-0.732,-0.052,-3.386,-0.0175,-0.001,-0.081
,,,,,,,28.500,5.743,-1.288,5.480,0.1371,-0.031,0.131,-0.738,-0.220,-2.967,-0.0176,-0.005,-0.071
,,,,,,,28.550,5.680,-0.932,8.273,0.1356,-0.022,0.197,-0.754,-0.356,-2.339,-0.0180,-0.008,-0.056
,,,,,,,28.600,5.630,-0.377,8.936,0.1344,-0.009,0.213,-0.776,-0.461,-1.501,-0.0185,-0.011,-0.036
,,,,,,,28.650,5.642,0.136,6.109,0.1347,0.003,0.146,-0.801,-0.513,-0.559,-0.0191,-0.012,-0.013
,,,,,,,28.700,5.667,0.325,1.501,0.1353,0.008,0.036,-0.829,-0.513,0.419,-0.0198,-0.012,0.010
,,,,,,,28.750,5.683,0.199,-1.990,0.1357,0.005,-0.047,-0.855,-0.471,1.396,-0.0204,-0.011,0.033
,,,,,,,28.800,5.686,0.010,-3.037,0.1357,2.500E-4,-0.072,-0.877,-0.377,2.374,-0.0209,-0.009,0.057
,,,,,,,28.850,5.683,-0.147,-2.374,0.1357,-0.003,-0.057,-0.895,-0.230,3.246,-0.0214,-0.005,0.077
,,,,,,,28.900,5.671,-0.241,-1.117,0.1354,-0.006,-0.027,-0.902,-0.042,3.770,-0.0215,-1.000E-3,0.090
,,,,,,,28.950,5.655,-0.262,0.209,0.1350,-0.006,0.005,-0.898,0.168,3.840,-0.0214,0.004,0.092
,,,,,,,29.000,5.642,-0.209,1.361,0.1347,-0.005,0.032,-0.886,0.356,3.526,-0.0211,0.008,0.084
,,,,,,,29.050,5.633,-0.115,2.304,0.1345,-0.003,0.055,-0.861,0.524,3.002,-0.0205,0.012,0.072
,,,,,,,29.100,5.630,0.021,3.072,0.1344,5.000E-4,0.073,-0.833,0.660,2.374,-0.0199,0.016,0.057
,,,,,,,29.150,5.633,0.199,3.595,0.1345,0.005,0.086,-0.795,0.764,1.571,-0.0190,0.018,0.037
,,,,,,,29.200,5.649,0.398,3.700,0.1348,0.009,0.088,-0.754,0.827,0.593,-0.0180,0.020,0.014
,,,,,,,29.250,5.674,0.586,3.386,0.1354,0.014,0.081,-0.710,0.827,-0.419,-0.0169,0.020,-0.010
,,,,,,,29.300,5.708,0.744,2.827,0.1363,0.018,0.067,-0.669,0.775,-1.222,-0.0160,0.018,-0.029
,,,,,,,29.350,5.749,0.869,2.129,0.1372,0.021,0.051,-0.631,0.691,-1.745,-0.0151,0.016,-0.042
,,,,,,,29.400,5.796,0.963,1.292,0.1384,0.023,0.031,-0.600,0.597,-2.129,-0.0143,0.014,-0.051
,,,,,,,29.450,5.847,1.005,0.384,0.1396,0.024,0.009,-0.572,0.482,-2.443,-0.0136,0.011,-0.058
,,,,,,,29.500,5.900,0.995,-0.419,0.1408,0.024,-0.010,-0.550,0.346,-2.583,-0.0131,0.008,-0.062
,,,,,,,29.550,5.947,0.953,-1.012,0.1420,0.023,-0.024,-0.537,0.209,-2.409,-0.0128,0.005,-0.057
,,,,,,,29.600,5.994,0.890,-1.536,0.1431,0.021,-0.037,-0.531,0.094,-1.955,-0.0127,0.002,-0.047
,,,,,,,29.650,6.038,0.806,-2.059,0.1441,0.019,-0.049,-0.528,0.010,-1.396,-0.0126,2.500E-4,-0.033
,,,,,,,29.700,6.076,0.681,-2.478,0.1450,0.016,-0.059,-0.531,-0.042,-0.838,-0.0127,-1.000E-3,-0.020
,,,,,,,29.750,6.107,0.545,-2.688,0.1458,0.013,-0.064,-0.534,-0.073,-0.279,-0.0127,-0.002,-0.007
,,,,,,,29.800,6.129,0.408,-2.688,0.1463,0.010,-0.064,-0.537,-0.073,0.349,-0.0128,-0.002,0.008
,,,,,,,29.850,6.148,0.272,-2.513,0.1468,0.006,-0.060,-0.543,-0.042,1.047,-0.0130,-1.000E-3,0.025
,,,,,,,29.900,6.158,0.147,-2.059,0.1470,0.003,-0.049,-0.543,0.031,1.676,-0.0130,7.500E-4,0.040
,,,,,,,29.950,6.161,0.052,-1.326,0.1471,0.001,-0.032,-0.540,0.136,2.129,-0.0129,0.003,0.051
,,,,,,,30.000,6.161,0.010,-0.454,0.1471,2.500E-4,-0.011,-0.531,0.251,2.374,-0.0127,0.006,0.057
,,,,,,,30.050,6.161,0.010,-0.454,0.1471,2.500E-4,-0.011,-0.515,0.377,2.409,-0.0123,0.009,0.057
,,,,,,,30.100,6.161,0.052,-2.234,0.1471,0.001,-0.053,-0.493,0.503,2.199,-0.0118,0.012,0.052
,,,,,,,30.150,6.164,-0.126,-8.063,0.1471,-0.003,-0.192,-0.465,0.607,1.780,-0.0111,0.014,0.042
,,,,,,,30.200,6.173,-0.524,-16.965,0.1474,-0.012,-0.405,-0.430,0.681,1.292,-0.0103,0.016,0.031
,,,,,,,30.250,6.110,-1.833,-21.468,0.1459,-0.044,-0.512,-0.396,0.733,0.803,-0.0094,0.017,0.019
,,,,,,,30.300,6.057,-3.330,-14.382,0.1446,-0.079,-0.343,-0.358,0.764,0.209,-0.0085,0.018,0.005
,,,,,,,30.350,5.730,-3.759,2.094,0.1368,-0.090,0.050,-0.317,0.764,-0.489,-0.0076,0.018,-0.012
,,,,,,,30.400,5.554,-2.911,14.242,0.1326,-0.069,0.340,-0.280,0.712,-1.117,-0.0067,0.017,-0.027
,,,,,,,30.450,5.485,-1.623,14.416,0.1309,-0.039,0.344,-0.245,0.639,-1.571,-0.0058,0.015,-0.037
,,,,,,,30.500,5.429,-1.194,7.540,0.1296,-0.028,0.180,-0.217,0.555,-1.885,-0.0052,0.013,-0.045
,,,,,,,30.550,5.369,-1.152,2.164,0.1282,-0.027,0.052,-0.188,0.450,-2.129,-0.0045,0.011,-0.051
,,,,,,,30.600,5.312,-1.121,1.152,0.1268,-0.027,0.027,-0.170,0.335,-2.199,-0.0040,0.008,-0.052
,,,,,,,30.650,5.256,-1.047,1.641,0.1255,-0.025,0.039,-0.157,0.220,-2.025,-0.0037,0.005,-0.048
,,,,,,,30.700,5.206,-0.953,2.199,0.1243,-0.023,0.052,-0.148,0.126,-1.641,-0.0035,0.003,-0.039
,,,,,,,30.750,5.162,-0.827,2.688,0.1232,-0.020,0.064,-0.145,0.052,-1.082,-0.0034,0.001,-0.026
,,,,,,,30.800,5.121,-0.681,3.072,0.1222,-0.016,0.073,-0.145,0.010,-0.419,-0.0034,2.500E-4,-0.010
,,,,,,,30.850,5.093,-0.513,3.211,0.1216,-0.012,0.077,-0.145,0.010,0.279,-0.0034,2.500E-4,0.007
,,,,,,,30.900,5.071,-0.346,3.072,0.1210,-0.008,0.073,-0.145,0.042,0.942,-0.0034,1.000E-3,0.022
,,,,,,,30.950,5.058,-0.199,2.653,0.1207,-0.005,0.063,-0.141,0.105,1.536,-0.0034,0.002,0.037
,,,,,,,31.000,5.052,-0.073,2.025,0.1206,-0.002,0.048,-0.135,0.199,2.059,-0.0032,0.005,0.049
,,,,,,,31.050,5.052,0.010,1.257,0.1206,2.500E-4,0.030,-0.123,0.314,2.478,-0.0029,0.007,0.059
,,,,,,,31.100,5.055,0.052,0.454,0.1207,0.001,0.011,-0.104,0.450,2.583,-0.0025,0.011,0.062
,,,,,,,31.150,5.058,0.052,-0.209,0.1207,0.001,-0.005,-0.079,0.597,1.745,-0.0019,0.014,0.042
,,,,,,,31.200,5.061,0.021,-0.524,0.1208,5.000E-4,-0.012,-0.044,0.691,-0.593,-0.0010,0.016,-0.014
,,,,,,,31.250,5.061,-0.021,-0.244,0.1208,-5.000E-4,-0.006,-0.003,0.597,-3.735,-7.5000E-5,0.014,-0.089
,,,,,,,31.300,5.058,-0.031,0.663,0.1207,-7.500E-4,0.016,0.028,0.272,-5.655,6.7500E-4,0.006,-0.135
,,,,,,,31.350,5.055,0.031,1.815,0.1207,7.500E-4,0.043,0.028,-0.105,-4.747,6.7500E-4,-0.002,-0.113
,,,,,,,31.400,5.058,0.168,2.583,0.1207,0.004,0.062,0.006,-0.304,-1.606,1.5000E-4,-0.007,-0.038
,,,,,,,31.450,5.071,0.325,2.583,0.1210,0.008,0.062,-0.013,-0.251,1.606,-3.0000E-4,-0.006,0.038
,,,,,,,31.500,5.093,0.450,1.955,0.1216,0.011,0.047,-0.022,-0.063,3.177,-5.2500E-4,-0.001,0.076
,,,,,,,31.550,5.118,0.524,1.152,0.1222,0.012,0.027,-0.019,0.136,2.723,-4.5000E-4,0.003,0.065
,,,,,,,31.600,5.146,0.555,0.559,0.1228,0.013,0.013,-0.006,0.262,0.838,-1.5000E-4,0.006,0.020
,,,,,,,31.650,5.174,0.565,0.314,0.1235,0.013,0.007,0.013,0.241,-1.292,3.0000E-4,0.006,-0.031
,,,,,,,31.700,5.202,0.576,0.349,0.1242,0.014,0.008,0.025,0.084,-2.304,6.0000E-4,0.002,-0.055
,,,,,,,31.750,5.231,0.597,0.489,0.1249,0.014,0.012,0.022,-0.073,-1.641,5.2500E-4,-0.002,-0.039
,,,,,,,31.800,5.262,0.628,0.489,0.1256,0.015,0.012,0.009,-0.115,-0.105,2.2500E-4,-0.003,-0.002
,,,,,,,31.850,5.294,0.660,0.209,0.1264,0.016,0.005,0.006,-0.052,0.942,1.5000E-4,-0.001,0.022
,,,,,,,31.900,5.328,0.660,-0.873,0.1272,0.016,-0.021,0.006,0.031,0.942,1.5000E-4,7.500E-4,0.022
,,,,,,,31.950,5.363,0.628,-3.072,0.1280,0.015,-0.073,0.009,0.063,0.279,2.2500E-4,0.001,0.007
,,,,,,,32.000,5.391,0.398,-5.515,0.1287,0.009,-0.132,0.016,0.052,-0.384,3.7500E-4,0.001,-0.009
,,,,,,,32.050,5.419,8.882E-15,-6.458,0.1294,0.000,-0.154,0.016,0.010,-0.628,3.7500E-4,2.500E-4,-0.015
,,,,,,,32.100,5.391,-0.367,-4.922,0.1287,-0.009,-0.117,0.016,-0.031,-0.454,3.7500E-4,-7.500E-4,-0.011
,,,,,,,32.150,5.363,-0.545,-2.269,0.1280,-0.013,-0.054,0.013,-0.042,-0.070,3.0000E-4,-1.000E-3,-0.002
,,,,,,,32.200,5.338,-0.534,-0.314,0.1274,-0.013,-0.007,0.009,-0.031,0.209,2.2500E-4,-7.500E-4,0.005
,,,,,,,32.250,5.309,-0.513,0.419,0.1267,-0.012,0.010,0.009,-0.010,0.244,2.2500E-4,-2.500E-4,0.006
,,,,,,,32.300,5.284,-0.492,0.454,0.1261,-0.012,0.011,0.009,0.000,0.140,2.2500E-4,0.000,0.003
,,,,,,,32.350,5.262,-0.461,0.349,0.1256,-0.011,0.008,0.009,0.000,0.035,2.2500E-4,0.000,8.333E-4
,,,,,,,32.400,5.237,-0.450,0.175,0.1250,-0.011,0.004,0.009,0.000,0.000,2.2500E-4,0.000,0.000
,,,,,,,32.450,5.218,-0.450,-1.110E-15,0.1246,-0.011,-5.031E-16,0.009,0.000,0.000,2.2500E-4,0.000,0.000
,,,,,,,32.500,5.193,-0.450,-0.035,0.1240,-0.011,-8.333E-4,0.009,0.000,0.000,2.2500E-4,0.000,0.000
,,,,,,,32.550,5.171,-0.461,0.070,0.1234,-0.011,0.002,0.009,0.000,0.000,2.2500E-4,0.000,0.000
,,,,,,,32.600,5.149,-0.450,0.279,0.1229,-0.011,0.007,0.009,0.000,0.000,2.2500E-4,0.000,0.000
,,,,,,,32.650,5.124,-0.429,0.489,0.1223,-0.010,0.012,0.009,0.000,0.000,2.2500E-4,0.000,0.000
,,,,,,,32.700,5.105,-0.398,0.559,0.1219,-0.009,0.013,0.009,0.000,0.000,2.2500E-4,0.000,0.000
,,,,,,,32.750,5.086,-0.367,0.559,0.1214,-0.009,0.013,0.009,0.000,0.000,2.2500E-4,0.000,0.000
,,,,,,,32.800,5.067,-0.346,0.628,0.1210,-0.008,0.015,0.009,0.000,0.000,2.2500E-4,0.000,0.000
,,,,,,,32.850,5.052,-0.314,0.803,0.1206,-0.007,0.019,0.009,0.000,-0.035,2.2500E-4,0.000,-8.333E-4
,,,,,,,32.900,5.036,-0.262,0.942,0.1202,-0.006,0.022,0.009,0.000,-0.105,2.2500E-4,0.000,-0.002
,,,,,,,32.950,5.023,-0.209,0.908,0.1199,-0.005,0.022,0.009,-0.010,-0.140,2.2500E-4,-2.500E-4,-0.003
,,,,,,,33.000,5.017,-0.168,0.803,0.1198,-0.004,0.019,0.009,-0.021,-0.070,2.2500E-4,-5.000E-4,-0.002
,,,,,,,33.050,5.008,-0.136,0.803,0.1195,-0.003,0.019,0.006,-0.021,0.070,1.5000E-4,-5.000E-4,0.002
,,,,,,,33.100,5.001,-0.094,0.838,0.1194,-0.002,0.020,0.006,-0.010,0.105,1.5000E-4,-2.500E-4,0.002
,,,,,,,33.150,4.998,-0.042,0.803,0.1193,-1.000E-3,0.019,0.006,0.000,1.214E-15,1.5000E-4,0.000,3.090E-17
,,,,,,,33.200,4.998,-0.010,0.698,0.1193,-2.500E-4,0.017,0.006,-0.010,-0.105,1.5000E-4,-2.500E-4,-0.002
,,,,,,,33.250,4.998,0.021,0.628,0.1193,5.000E-4,0.015,0.006,-0.021,-0.105,1.5000E-4,-5.000E-4,-0.002
,,,,,,,33.300,4.998,0.052,0.628,0.1193,0.001,0.015,0.003,-0.021,-0.035,7.5000E-5,-5.000E-4,-8.333E-4
,,,,,,,33.350,5.005,0.084,0.628,0.1195,0.002,0.015,0.003,-0.021,-2.463E-15,7.5000E-5,-5.000E-4,-6.072E-17
,,,,,,,33.400,5.008,0.115,0.663,0.1195,0.003,0.016,0.003,-0.021,-3.469E-17,7.5000E-5,-5.000E-4,-1.084E-18
,,,,,,,33.450,5.014,0.147,0.698,0.1197,0.003,0.017,3.027E-16,-0.021,-3.469E-17,7.2266E-18,-5.000E-4,2.168E-18
,,,,,,,33.500,5.023,0.188,0.698,0.1199,0.004,0.017,3.027E-16,-0.021,0.000,7.2266E-18,-5.000E-4,2.168E-18
,,,,,,,33.550,5.033,0.220,0.663,0.1201,0.005,0.016,3.027E-16,-0.021,-2.463E-15,7.2266E-18,-5.000E-4,-6.072E-17
,,,,,,,33.600,5.045,0.251,0.593,0.1204,0.006,0.014,-0.003,-0.021,3.469E-17,-7.5000E-5,-5.000E-4,-2.168E-18
,,,,,,,33.650,5.058,0.283,0.454,0.1207,0.007,0.011,-0.003,-0.021,-0.035,-7.5000E-5,-5.000E-4,-8.333E-4
,,,,,,,33.700,5.074,0.304,0.244,0.1211,0.007,0.006,-0.003,-0.021,-0.070,-7.5000E-5,-5.000E-4,-0.002
,,,,,,,33.750,5.089,0.304,0.070,0.1215,0.007,0.002,-0.006,-0.031,-0.035,-1.5000E-4,-7.500E-4,-8.333E-4
,,,,,,,33.800,5.105,0.304,1.310E-13,0.1219,0.007,3.574E-15,-0.006,-0.031,0.070,-1.5000E-4,-7.500E-4,0.002
,,,,,,,33.850,5.118,0.304,-0.035,0.1222,0.007,-8.333E-4,-0.009,-0.021,0.175,-2.2500E-4,-5.000E-4,0.004
,,,,,,,33.900,5.137,0.304,-0.140,0.1226,0.007,-0.003,-0.009,-0.010,0.209,-2.2500E-4,-2.500E-4,0.005
,,,,,,,33.950,5.149,0.293,-0.244,0.1229,0.007,-0.006,-0.009,0.000,0.244,-2.2500E-4,0.000,0.006
,,,,,,,34.000,5.165,0.272,-0.279,0.1233,0.006,-0.007,-0.009,0.010,0.279,-2.2500E-4,2.500E-4,0.007
,,,,,,,34.050,5.177,0.262,-0.244,0.1236,0.006,-0.006,-0.009,0.031,0.209,-2.2500E-4,7.500E-4,0.005
,,,,,,,34.100,5.190,0.251,-0.209,0.1239,0.006,-0.005,-0.006,0.042,1.041E-16,-1.5000E-4,1.000E-3,1.084E-18
,,,,,,,34.150,5.202,0.241,-0.209,0.1242,0.006,-0.005,-0.003,0.031,-0.209,-7.5000E-5,7.500E-4,-0.005
,,,,,,,34.200,5.215,0.230,-0.209,0.1245,0.005,-0.005,-0.003,0.010,-0.244,-7.5000E-5,2.500E-4,-0.006
,,,,,,,34.250,5.224,0.220,-0.209,0.1247,0.005,-0.005,-0.003,0.000,-0.140,-7.5000E-5,0.000,-0.003
,,,,,,,34.300,5.237,0.209,-0.209,0.1250,0.005,-0.005,-0.003,0.000,-0.035,-7.5000E-5,0.000,-8.333E-4
,,,,,,,34.350,5.246,0.199,-0.140,0.1252,0.005,-0.003,-0.003,0.000,0.000,-7.5000E-5,0.000,0.000
,,,,,,,34.400,5.256,0.188,0.035,0.1255,0.004,8.333E-4,-0.003,0.000,0.000,-7.5000E-5,0.000,0.000
,,,,,,,34.450,5.265,0.199,0.244,0.1257,0.005,0.006,-0.003,0.000,0.000,-7.5000E-5,0.000,0.000
,,,,,,,34.500,5.275,0.220,0.349,0.1259,0.005,0.008,-0.003,0.000,0.000,-7.5000E-5,0.000,0.000
,,,,,,,34.550,5.287,0.241,0.279,0.1262,0.006,0.007,-0.003,0.000,0.000,-7.5000E-5,0.000,0.000
,,,,,,,34.600,5.300,0.251,0.175,0.1265,0.006,0.004,-0.003,0.000,0.000,-7.5000E-5,0.000,0.000
,,,,,,,34.650,5.312,0.251,0.175,0.1268,0.006,0.004,-0.003,0.000,-0.035,-7.5000E-5,0.000,-8.333E-4
,,,,,,,34.700,5.325,0.262,0.244,0.1271,0.006,0.006,-0.003,0.000,-0.105,-7.5000E-5,0.000,-0.002
,,,,,,,34.750,5.338,0.283,0.244,0.1274,0.007,0.006,-0.003,-0.010,-0.140,-7.5000E-5,-2.500E-4,-0.003
,,,,,,,34.800,5.353,0.293,0.140,0.1278,0.007,0.003,-0.003,-0.021,-0.105,-7.5000E-5,-5.000E-4,-0.002
,,,,,,,34.850,5.369,0.293,-1.710,0.1282,0.007,-0.041,-0.006,-0.021,-0.035,-1.5000E-4,-5.000E-4,-8.333E-4
,,,,,,,34.900,5.382,0.293,-5.585,0.1285,0.007,-0.133,-0.006,-0.021,2.498E-15,-1.5000E-4,-5.000E-4,5.855E-17
,,,,,,,34.950,5.397,-0.230,-8.412,0.1288,-0.005,-0.201,-0.006,-0.021,0.035,-1.5000E-4,-5.000E-4,8.333E-4
,,,,,,,35.000,5.413,-0.859,-6.353,0.1292,-0.020,-0.152,-0.009,-0.021,0.140,-2.2500E-4,-5.000E-4,0.003
,,,,,,,35.050,5.268,-1.079,-0.035,0.1258,-0.026,-8.333E-4,-0.009,-0.010,0.244,-2.2500E-4,-2.500E-4,0.006
,,,,,,,35.100,5.253,-0.764,4.259,0.1254,-0.018,0.102,-0.009,0.010,0.244,-2.2500E-4,2.500E-4,0.006
,,,,,,,35.150,5.234,-0.335,4.049,0.1249,-0.008,0.097,-0.009,0.021,0.105,-2.2500E-4,5.000E-4,0.002
,,,,,,,35.200,5.218,-0.325,1.676,0.1246,-0.008,0.040,-0.006,0.021,-0.070,-1.5000E-4,5.000E-4,-0.002
,,,,,,,35.250,5.202,-0.304,0.244,0.1242,-0.007,0.006,-0.006,0.010,-0.140,-1.5000E-4,2.500E-4,-0.003
,,,,,,,35.300,5.187,-0.293,0.140,0.1238,-0.007,0.003,-0.006,0.000,-0.105,-1.5000E-4,0.000,-0.002
,,,,,,,35.350,5.174,-0.293,0.035,0.1235,-0.007,8.333E-4,-0.006,0.000,-0.035,-1.5000E-4,0.000,-8.333E-4
,,,,,,,35.400,5.158,-0.293,0.035,0.1231,-0.007,8.333E-4,-0.006,0.000,0.000,-1.5000E-4,0.000,0.000
,,,,,,,35.450,5.143,-0.293,0.070,0.1228,-0.007,0.002,-0.006,0.000,0.000,-1.5000E-4,0.000,0.000
,,,,,,,35.500,5.130,-0.283,0.070,0.1225,-0.007,0.002,-0.006,0.000,0.000,-1.5000E-4,0.000,0.000
,,,,,,,35.550,5.115,-0.283,0.070,0.1221,-0.007,0.002,-0.006,0.000,0.000,-1.5000E-4,0.000,0.000
,,,,,,,35.600,5.102,-0.283,0.070,0.1218,-0.007,0.002,-0.006,0.000,0.000,-1.5000E-4,0.000,0.000
,,,,,,,35.650,5.086,-0.272,0.070,0.1214,-0.006,0.002,-0.006,0.000,0.000,-1.5000E-4,0.000,0.000
,,,,,,,35.700,5.074,-0.272,0.035,0.1211,-0.006,8.333E-4,-0.006,0.000,0.000,-1.5000E-4,0.000,0.000
,,,,,,,35.750,5.061,-0.272,0.035,0.1208,-0.006,8.333E-4,-0.006,0.000,0.000,-1.5000E-4,0.000,0.000
,,,,,,,35.800,5.045,-0.272,0.105,0.1204,-0.006,0.002,-0.006,0.000,0.000,-1.5000E-4,0.000,0.000
,,,,,,,35.850,5.033,-0.262,0.140,0.1201,-0.006,0.003,-0.006,0.000,0.000,-1.5000E-4,0.000,0.000
,,,,,,,35.900,5.020,-0.251,0.105,0.1198,-0.006,0.002,-0.006,0.000,0.000,-1.5000E-4,0.000,0.000
,,,,,,,35.950,5.008,-0.251,0.035,0.1195,-0.006,8.333E-4,-0.006,0.000,0.000,-1.5000E-4,0.000,0.000
,,,,,,,36.000,4.995,-0.251,-2.998E-14,0.1192,-0.006,-7.026E-16,-0.006,0.000,0.000,-1.5000E-4,0.000,0.000
,,,,,,,36.050,4.983,-0.251,-0.035,0.1189,-0.006,-8.333E-4,-0.006,0.000,0.000,-1.5000E-4,0.000,0.000
,,,,,,,36.100,4.970,-0.251,-0.105,0.1186,-0.006,-0.002,-0.006,0.000,0.000,-1.5000E-4,0.000,0.000
,,,,,,,36.150,4.957,-0.262,-0.140,0.1183,-0.006,-0.003,-0.006,0.000,0.000,-1.5000E-4,0.000,0.000
,,,,,,,36.200,4.945,-0.272,-0.070,0.1180,-0.006,-0.002,-0.006,0.000,0.035,-1.5000E-4,0.000,8.333E-4
,,,,,,,36.250,4.929,-0.272,0.070,0.1177,-0.006,0.002,-0.006,0.000,0.105,-1.5000E-4,0.000,0.002
,,,,,,,36.300,4.917,-0.262,0.140,0.1174,-0.006,0.003,-0.006,0.010,0.140,-1.5000E-4,2.500E-4,0.003
,,,,,,,36.350,4.904,-0.251,0.105,0.1171,-0.006,0.002,-0.006,0.021,0.070,-1.5000E-4,5.000E-4,0.002
,,,,,,,36.400,4.891,-0.251,0.035,0.1168,-0.006,8.333E-4,-0.003,0.021,-0.070,-7.5000E-5,5.000E-4,-0.002
,,,,,,,36.450,4.879,-0.251,0.000,0.1165,-0.006,0.000,-0.003,0.010,-0.140,-7.5000E-5,2.500E-4,-0.003
,,,,,,,36.500,4.866,-0.251,-5.940E-14,0.1162,-0.006,0.000,-0.003,0.000,-0.105,-7.5000E-5,0.000,-0.002
,,,,,,,36.550,4.854,-0.251,-2.998E-14,0.1159,-0.006,-7.026E-16,-0.003,0.000,-0.035,-7.5000E-5,0.000,-8.333E-4
,,,,,,,36.600,4.841,-0.251,2.942E-14,0.1156,-0.006,-7.026E-16,-0.003,0.000,0.000,-7.5000E-5,0.000,0.000
,,,,,,,36.650,4.829,-0.251,0.000,0.1153,-0.006,0.000,-0.003,0.000,0.000,-7.5000E-5,0.000,0.000
,,,,,,,36.700,4.816,-0.251,-5.884E-14,0.1150,-0.006,0.000,-0.003,0.000,0.000,-7.5000E-5,0.000,0.000
,,,,,,,36.750,4.803,-0.251,0.000,0.1147,-0.006,0.000,-0.003,0.000,0.000,-7.5000E-5,0.000,0.000
,,,,,,,36.800,4.791,-0.251,0.035,0.1144,-0.006,8.333E-4,-0.003,0.000,0.000,-7.5000E-5,0.000,0.000
,,,,,,,36.850,4.778,-0.251,0.105,0.1141,-0.006,0.002,-0.003,0.000,0.000,-7.5000E-5,0.000,0.000
,,,,,,,36.900,4.766,-0.241,0.140,0.1138,-0.006,0.003,-0.003,0.000,0.000,-7.5000E-5,0.000,0.000
,,,,,,,36.950,4.753,-0.230,0.105,0.1135,-0.005,0.002,-0.003,0.000,0.000,-7.5000E-5,0.000,0.000
,,,,,,,37.000,4.744,-0.230,0.035,0.1132,-0.005,8.333E-4,-0.003,0.000,0.000,-7.5000E-5,0.000,0.000
,,,,,,,37.050,4.731,-0.230,0.035,0.1129,-0.005,8.333E-4,-0.003,0.000,0.000,-7.5000E-5,0.000,0.000
,,,,,,,37.100,4.719,-0.230,0.070,0.1126,-0.005,0.002,-0.003,0.000,0.000,-7.5000E-5,0.000,0.000
,,,,,,,37.150,4.709,-0.220,0.070,0.1124,-0.005,0.002,-0.003,0.000,0.000,-7.5000E-5,0.000,0.000
,,,,,,,37.200,4.697,-0.220,0.035,0.1121,-0.005,8.333E-4,-0.003,0.000,0.000,-7.5000E-5,0.000,0.000
,,,,,,,37.250,4.687,-0.220,-8.882E-14,0.1119,-0.005,9.107E-16,-0.003,0.000,0.000,-7.5000E-5,0.000,0.000
,,,,,,,37.300,4.675,-0.220,0.035,0.1116,-0.005,8.333E-4,-0.003,0.000,0.000,-7.5000E-5,0.000,0.000
,,,,,,,37.350,4.665,-0.220,0.070,0.1114,-0.005,0.002,-0.003,0.000,0.000,-7.5000E-5,0.000,0.000
,,,,,,,37.400,4.653,-0.209,0.105,0.1111,-0.005,0.002,-0.003,0.000,0.000,-7.5000E-5,0.000,0.000
,,,,,,,37.450,4.643,-0.209,0.105,0.1108,-0.005,0.002,-0.003,0.000,0.000,-7.5000E-5,0.000,0.000
,,,,,,,37.500,4.634,-0.199,0.070,0.1106,-0.005,0.002,-0.003,0.000,0.000,-7.5000E-5,0.000,0.000
,,,,,,,37.550,4.621,-0.199,0.035,0.1103,-0.005,8.333E-4,-0.003,0.000,0.000,-7.5000E-5,0.000,0.000
,,,,,,,37.600,4.615,-0.199,-6.106E-15,0.1102,-0.005,1.023E-15,-0.003,0.000,0.000,-7.5000E-5,0.000,0.000
,,,,,,,37.650,4.602,-0.199,0.070,0.1099,-0.005,0.002,-0.003,0.000,0.000,-7.5000E-5,0.000,0.000
,,,,,,,37.700,4.593,-0.199,0.175,0.1096,-0.005,0.004,-0.003,0.000,0.000,-7.5000E-5,0.000,0.000
,,,,,,,37.750,4.584,-0.178,0.244,0.1094,-0.004,0.006,-0.003,0.000,0.000,-7.5000E-5,0.000,0.000
,,,,,,,37.800,4.574,-0.168,,0.1092,-0.004,,-0.003,0.000,,-7.5000E-5,0.000,
,,,,,,,37.850,4.568,-0.157,,0.1090,-0.004,,-0.003,0.000,,-7.5000E-5,0.000,
,,,,,,,37.900,4.558,,,0.1088,,,-0.003,,,-7.5000E-5,,
