Time (s) Run #1,"x-Position, Object #1 (m) Run #1","y-Position, Object #1 (m) Run #1","x-Velocity, Object #1 (m/s) Run #1","y-Velocity, Object #1 (m/s) Run #1","x-Acceleration, Object #1 (m/s²) Run #1","y-Acceleration, Object #1 (m/s²) Run #1",Time (s) Run #2,"Angle, 004-000 (rad) Run #2","Angular Velocity, 004-000 (rad/s) Run #2","Angular Acceleration, 004-000 (rad/s²) Run #2","Position, 004-000 (m) Run #2","Velocity, 004-000 (m/s) Run #2","Acceleration, 004-000 (m/s²) Run #2","Angle, 670-231 (rad) Run #2","Angular Velocity, 670-231 (rad/s) Run #2","Angular Acceleration, 670-231 (rad/s²) Run #2","Position, 670-231 (m) Run #2","Velocity, 670-231 (m/s) Run #2","Acceleration, 670-231 (m/s²) Run #2"
1.303,0.03,0,,,,,0,0,,,0,,,0,,,0,,
3.772,0.03,0.05,4.09E-04,0.02,,,0.05,0,-0.031,,0,-7.50E-04,,0.003,0.031,,7.50E-05,7.50E-04,
4.338,0.03,0.07,0,0.03,0,0,0.1,-0.003,-0.052,-0.314,-7.50E-05,-0.001,-0.007,0.003,0.01,-0.314,7.50E-05,2.50E-04,-0.007
6.473,0.04,0.13,0,0.03,-1.63E-04,0,0.15,-0.006,-0.063,-0.244,-1.50E-04,-0.001,-0.006,0.003,0,-0.035,7.50E-05,0,-8.33E-04
6.94,0.04,0.15,0,0.04,0,-3.24E-05,0.2,-0.009,-0.073,-0.209,-2.25E-04,-0.002,-0.005,0.003,0.01,0.105,7.50E-05,2.50E-04,0.002
7.873,0.04,0.18,0,0.03,0,0,0.25,-0.013,-0.084,-0.209,-3.00E-04,-0.002,-0.005,0.003,0.021,0.07,7.50E-05,5.00E-04,0.002
9.142,0.03,0.22,0,0.04,0,0.02,0.3,-0.019,-0.094,-0.209,-4.50E-04,-0.002,-0.005,0.006,0.021,-0.07,1.50E-04,5.00E-04,-0.002
9.775,0.03,0.27,0,0.07,0.01,0.01,0.35,-0.022,-0.105,-0.14,-5.25E-04,-0.002,-0.003,0.006,0.01,-0.14,1.50E-04,2.50E-04,-0.003
10.008,0.04,0.28,0,0.05,,,0.4,-0.028,-0.115,0.14,-6.75E-04,-0.003,0.003,0.006,0,-0.105,1.50E-04,0,-0.002
12.442,0.04,0.41,,,,,0.45,-0.035,-0.105,0.628,-8.25E-04,-0.002,0.015,0.006,0,-0.035,1.50E-04,0,-8.33E-04
,,,,,,,0.5,-0.041,-0.052,1.047,-9.75E-04,-0.001,0.025,0.006,0,0,1.50E-04,0,0
,,,,,,,0.55,-0.041,0.021,1.082,-9.75E-04,5.00E-04,0.026,0.006,0,0,1.50E-04,0,0
,,,,,,,0.6,-0.038,0.073,0.768,-9.00E-04,0.002,0.018,0.006,0,0,1.50E-04,0,0
,,,,,,,0.65,-0.031,0.094,0.384,-7.50E-04,0.002,0.009,0.006,0,0,1.50E-04,0,0
,,,,,,,0.7,-0.028,0.105,0.14,-6.75E-04,0.002,0.003,0.006,0,0,1.50E-04,0,0
,,,,,,,0.75,-0.022,0.105,0.035,-5.25E-04,0.002,8.33E-04,0.006,0,0,1.50E-04,0,0
,,,,,,,0.8,-0.016,0.105,0.035,-3.75E-04,0.002,8.33E-04,0.006,0,0,1.50E-04,0,0
,,,,,,,0.85,-0.013,0.105,0.105,-3.00E-04,0.002,0.002,0.006,0,0,1.50E-04,0,0
,,,,,,,0.9,-0.006,0.115,0.105,-1.50E-04,0.003,0.002,0.006,0,0,1.50E-04,0,0
,,,,,,,0.95,-1.74E-18,0.126,0,-4.14E-20,0.003,0,0.006,0,0,1.50E-04,0,0
,,,,,,,1,0.006,0.115,-0.105,1.50E-04,0.003,-0.002,0.006,0,0,1.50E-04,0,0
,,,,,,,1.05,0.013,0.105,-0.07,3.00E-04,0.002,-0.002,0.006,0,0,1.50E-04,0,0
,,,,,,,1.1,0.016,0.105,0.07,3.75E-04,0.002,0.002,0.006,0,0,1.50E-04,0,0
,,,,,,,1.15,0.022,0.115,0.14,5.25E-04,0.003,0.003,0.006,0,0,1.50E-04,0,0
,,,,,,,1.2,0.028,0.126,0.105,6.75E-04,0.003,0.002,0.006,0,0,1.50E-04,0,0
,,,,,,,1.25,0.035,0.126,0.035,8.25E-04,0.003,8.33E-04,0.006,0,0,1.50E-04,0,0
,,,,,,,1.3,0.041,0.126,-5.55E-16,9.75E-04,0.003,-1.30E-17,0.006,0,0,1.50E-04,0,0
,,,,,,,1.35,0.047,0.126,-2.78E-16,0.0011,0.003,0,0.006,0,0,1.50E-04,0,0
,,,,,,,1.4,0.053,0.126,0,0.0013,0.003,1.30E-17,0.006,0,0,1.50E-04,0,0
,,,,,,,1.45,0.06,0.126,-0.035,0.0014,0.003,-8.33E-04,0.006,0,0,1.50E-04,0,0
,,,,,,,1.5,0.066,0.126,-0.07,0.0016,0.003,-0.002,0.006,0,0,1.50E-04,0,0
,,,,,,,1.55,0.072,0.115,-0.07,0.0017,0.003,-0.002,0.006,0,0,1.50E-04,0,0
,,,,,,,1.6,0.079,0.115,-0.035,0.0019,0.003,-8.33E-04,0.006,0,0,1.50E-04,0,0
,,,,,,,1.65,0.082,0.115,4.16E-16,0.0019,0.003,1.74E-17,0.006,0,0,1.50E-04,0,0
,,,,,,,1.7,0.091,0.115,5.55E-16,0.0022,0.003,4.77E-17,0.006,0,0,1.50E-04,0,0
,,,,,,,1.75,0.094,0.115,0.035,0.0022,0.003,8.33E-04,0.006,0,0,1.50E-04,0,0
,,,,,,,1.8,0.101,0.115,0.07,0.0024,0.003,0.002,0.006,0,0,1.50E-04,0,0
,,,,,,,1.85,0.107,0.126,0.07,0.0025,0.003,0.002,0.006,0,0,1.50E-04,0,0
,,,,,,,1.9,0.113,0.126,0.035,0.0027,0.003,8.33E-04,0.006,0,0,1.50E-04,0,0
,,,,,,,1.95,0.119,0.126,-0.035,0.0028,0.003,-8.33E-04,0.006,0,0,1.50E-04,0,0
,,,,,,,2,0.126,0.126,-0.105,0.003,0.003,-0.002,0.006,0,0,1.50E-04,0,0
,,,,,,,2.05,0.132,0.115,-0.14,0.0031,0.003,-0.003,0.006,0,0,1.50E-04,0,0
,,,,,,,2.1,0.138,0.105,-0.105,0.0033,0.002,-0.002,0.006,0,0,1.50E-04,0,0
,,,,,,,2.15,0.141,0.105,0,0.0034,0.002,1.74E-17,0.006,0,0,1.50E-04,0,0
,,,,,,,2.2,0.148,0.105,0.07,0.0035,0.002,0.002,0.006,0,0,1.50E-04,0,0
,,,,,,,2.25,0.154,0.115,0.07,0.0037,0.003,0.002,0.006,0,0,1.50E-04,0,0
,,,,,,,2.3,0.157,0.115,0.035,0.0037,0.003,8.33E-04,0.006,0,0,1.50E-04,0,0
,,,,,,,2.35,0.167,0.115,-0.035,0.004,0.003,-8.33E-04,0.006,0,0,1.50E-04,0,0
,,,,,,,2.4,0.17,0.115,-0.07,0.004,0.003,-0.002,0.006,0,0,1.50E-04,0,0
,,,,,,,2.45,0.176,0.105,-0.07,0.0042,0.002,-0.002,0.006,0,0,1.50E-04,0,0
,,,,,,,2.5,0.182,0.105,-8.33E-16,0.0043,0.002,-5.20E-17,0.006,0,0,1.50E-04,0,0
,,,,,,,2.55,0.185,0.105,0.105,0.0044,0.002,0.002,0.006,0,0,1.50E-04,0,0
,,,,,,,2.6,0.192,0.115,0.105,0.0046,0.003,0.002,0.006,0,0,1.50E-04,0,0
,,,,,,,2.65,0.198,0.126,9.71E-16,0.0047,0.003,7.37E-17,0.006,0,0,1.50E-04,0,0
,,,,,,,2.7,0.204,0.115,-0.105,0.0049,0.003,-0.002,0.006,0,0,1.50E-04,0,0
,,,,,,,2.75,0.21,0.105,-0.07,0.005,0.002,-0.002,0.006,0,0,1.50E-04,0,0
,,,,,,,2.8,0.214,0.105,0.035,0.0051,0.002,8.33E-04,0.006,0,0,1.50E-04,0,0
,,,,,,,2.85,0.22,0.115,0.035,0.0052,0.003,8.33E-04,0.006,0,0,1.50E-04,0,0
,,,,,,,2.9,0.226,0.115,-0.035,0.0054,0.003,-8.33E-04,0.006,0,0,1.50E-04,0,0
,,,,,,,2.95,0.232,0.105,-0.07,0.0055,0.002,-0.002,0.006,0,0,1.50E-04,0,0
,,,,,,,3,0.236,0.105,-0.035,0.0056,0.002,-8.33E-04,0.006,0,0,1.50E-04,0,0
,,,,,,,3.05,0.242,0.105,-0.035,0.0058,0.002,-8.33E-04,0.006,0,0,1.50E-04,0,0
,,,,,,,3.1,0.248,0.105,-0.07,0.0059,0.002,-0.002,0.006,0,0,1.50E-04,0,0
,,,,,,,3.15,0.251,0.094,-0.07,0.006,0.002,-0.002,0.006,0,0,1.50E-04,0,0
,,,,,,,3.2,0.258,0.094,-0.035,0.0061,0.002,-8.33E-04,0.006,0,0,1.50E-04,0,0
,,,,,,,3.25,0.261,0.094,0.035,0.0062,0.002,8.33E-04,0.006,0,0,1.50E-04,0,0
,,,,,,,3.3,0.267,0.094,0.07,0.0064,0.002,0.002,0.006,0,0,1.50E-04,0,0
,,,,,,,3.35,0.27,0.105,0.07,0.0064,0.002,0.002,0.006,0,0,1.50E-04,0,0
,,,,,,,3.4,0.276,0.105,6.94E-16,0.0066,0.002,1.74E-17,0.006,0,0,1.50E-04,0,0
,,,,,,,3.45,0.283,0.105,-0.07,0.0067,0.002,-0.002,0.006,0,0,1.50E-04,0,0
,,,,,,,3.5,0.286,0.094,-0.07,0.0068,0.002,-0.002,0.006,0,0,1.50E-04,0,0
,,,,,,,3.55,0.292,0.094,-0.035,0.007,0.002,-8.33E-04,0.006,0,0,1.50E-04,0,0
,,,,,,,3.6,0.295,0.094,6.94E-16,0.007,0.002,1.74E-17,0.006,0,0,1.50E-04,0,0
,,,,,,,3.65,0.302,0.094,-0.035,0.0072,0.002,-8.33E-04,0.006,0,0,1.50E-04,0,0
,,,,,,,3.7,0.305,0.094,-0.07,0.0073,0.002,-0.002,0.006,0,0,1.50E-04,0,0
,,,,,,,3.75,0.311,0.084,-0.07,0.0074,0.002,-0.002,0.006,0,0,1.50E-04,0,0
,,,,,,,3.8,0.314,0.084,-0.035,0.0075,0.002,-8.33E-04,0.006,0,0,1.50E-04,0,0
,,,,,,,3.85,0.317,0.084,-0.035,0.0076,0.002,-8.33E-04,0.006,0,0,1.50E-04,0,0
,,,,,,,3.9,0.324,0.084,-0.105,0.0077,0.002,-0.002,0.006,0,0,1.50E-04,0,0
,,,,,,,3.95,0.327,0.073,-0.14,0.0078,0.002,-0.003,0.006,0,0,1.50E-04,0,0
,,,,,,,4,0.33,0.063,-0.105,0.0079,0.001,-0.002,0.006,0,0,1.50E-04,0,0
,,,,,,,4.05,0.333,0.063,-0.07,0.0079,0.001,-0.002,0.006,0,0,1.50E-04,0,0
,,,,,,,4.1,0.336,0.063,-0.14,0.008,0.001,-0.003,0.006,0,-0.035,1.50E-04,0,-8.33E-04
,,,,,,,4.15,0.339,0.052,-0.279,0.0081,0.001,-0.007,0.006,0,-0.105,1.50E-04,0,-0.002
,,,,,,,4.2,0.342,0.031,-0.349,0.0082,7.50E-04,-0.008,0.006,-0.01,-0.14,1.50E-04,-2.50E-04,-0.003
,,,,,,,4.25,0.342,0.01,-0.314,0.0082,2.50E-04,-0.007,0.006,-0.021,-0.07,1.50E-04,-5.00E-04,-0.002
,,,,,,,4.3,0.342,0,-0.279,0.0082,0,-0.007,0.003,-0.021,0.07,7.50E-05,-5.00E-04,0.002
,,,,,,,4.35,0.342,-0.01,-0.314,0.0082,-2.50E-04,-0.007,0.003,-0.01,0.14,7.50E-05,-2.50E-04,0.003
,,,,,,,4.4,0.342,-0.031,-0.349,0.0082,-7.50E-04,-0.008,0.003,0,0.105,7.50E-05,0,0.002
,,,,,,,4.45,0.339,-0.052,-0.279,0.0081,-0.001,-0.007,0.003,0,0.035,7.50E-05,0,8.33E-04
,,,,,,,4.5,0.336,-0.063,-0.14,0.008,-0.001,-0.003,0.003,0,0,7.50E-05,0,0
,,,,,,,4.55,0.333,-0.063,-0.035,0.0079,-0.001,-8.33E-04,0.003,0,0,7.50E-05,0,0
,,,,,,,4.6,0.33,-0.063,0,0.0079,-0.001,2.82E-17,0.003,0,0,7.50E-05,0,0
,,,,,,,4.65,0.327,-0.063,-0.035,0.0078,-0.001,-8.33E-04,0.003,0,0,7.50E-05,0,0
,,,,,,,4.7,0.324,-0.063,-0.105,0.0077,-0.001,-0.002,0.003,0,0,7.50E-05,0,0
,,,,,,,4.75,0.32,-0.073,-0.14,0.0076,-0.002,-0.003,0.003,0,0,7.50E-05,0,0
,,,,,,,4.8,0.317,-0.084,-0.07,0.0076,-0.002,-0.002,0.003,0,0,7.50E-05,0,0
,,,,,,,4.85,0.311,-0.084,0.07,0.0074,-0.002,0.002,0.003,0,0,7.50E-05,0,0
,,,,,,,4.9,0.308,-0.073,0.14,0.0073,-0.002,0.003,0.003,0,0,7.50E-05,0,0
,,,,,,,4.95,0.305,-0.063,0.105,0.0073,-0.001,0.002,0.003,0,0,7.50E-05,0,0
,,,,,,,5,0.302,-0.063,0.07,0.0072,-0.001,0.002,0.003,0,0,7.50E-05,0,0
,,,,,,,5.05,0.298,-0.063,0.105,0.0071,-0.001,0.002,0.003,0,0,7.50E-05,0,0
,,,,,,,5.1,0.295,-0.052,0.14,0.007,-0.001,0.003,0.003,0,0,7.50E-05,0,0
,,,,,,,5.15,0.292,-0.042,0.07,0.007,-1.00E-03,0.002,0.003,0,0,7.50E-05,0,0
,,,,,,,5.2,0.292,-0.042,-0.035,0.007,-1.00E-03,-8.33E-04,0.003,0,0,7.50E-05,0,0
,,,,,,,5.25,0.289,-0.052,-0.035,0.0069,-0.001,-8.33E-04,0.003,0,0,7.50E-05,0,0
,,,,,,,5.3,0.286,-0.052,0.07,0.0068,-0.001,0.002,0.003,0,0,7.50E-05,0,0
,,,,,,,5.35,0.283,-0.042,0.14,0.0067,-1.00E-03,0.003,0.003,0,0,7.50E-05,0,0
,,,,,,,5.4,0.283,-0.031,0.07,0.0067,-7.50E-04,0.002,0.003,0,0,7.50E-05,0,0
,,,,,,,5.45,0.28,-0.031,-0.035,0.0067,-7.50E-04,-8.33E-04,0.003,0,0,7.50E-05,0,0
,,,,,,,5.5,0.28,-0.042,-0.035,0.0067,-1.00E-03,-8.33E-04,0.003,0,0,7.50E-05,0,0
,,,,,,,5.55,0.276,-0.042,0.105,0.0066,-1.00E-03,0.002,0.003,0,0,7.50E-05,0,0
,,,,,,,5.6,0.273,-0.031,0.209,0.0065,-7.50E-04,0.005,0.003,0,0,7.50E-05,0,0
,,,,,,,5.65,0.273,-0.01,0.14,0.0065,-2.50E-04,0.003,0.003,0,0,7.50E-05,0,0
,,,,,,,5.7,0.273,-0.01,1.39E-16,0.0065,-2.50E-04,3.25E-18,0.003,0,0,7.50E-05,0,0
,,,,,,,5.75,0.273,-0.021,-0.035,0.0065,-5.00E-04,-8.33E-04,0.003,0,0,7.50E-05,0,0
,,,,,,,5.8,0.27,-0.021,0.07,0.0064,-5.00E-04,0.002,0.003,0,0,7.50E-05,0,0
,,,,,,,5.85,0.27,-0.01,0.14,0.0064,-2.50E-04,0.003,0.003,0,0,7.50E-05,0,0
,,,,,,,5.9,0.27,0,0.105,0.0064,0,0.002,0.003,0,0,7.50E-05,0,0
,,,,,,,5.95,0.27,0,0.035,0.0064,0,8.33E-04,0.003,0,0,7.50E-05,0,0
,,,,,,,6,0.27,0,0,0.0064,0,0,0.003,0,0,7.50E-05,0,0
,,,,,,,6.05,0.27,0,0,0.0064,0,0,0.003,0,0,7.50E-05,0,0
,,,,,,,6.1,0.27,0,-0.035,0.0064,0,-8.33E-04,0.003,0,0,7.50E-05,0,0
,,,,,,,6.15,0.27,0,-0.105,0.0064,0,-0.002,0.003,0,0,7.50E-05,0,0
,,,,,,,6.2,0.27,-0.01,-0.14,0.0064,-2.50E-04,-0.003,0.003,0,0,7.50E-05,0,0
,,,,,,,6.25,0.27,-0.021,-0.07,0.0064,-5.00E-04,-0.002,0.003,0,0,7.50E-05,0,0
,,,,,,,6.3,0.267,-0.021,0.07,0.0064,-5.00E-04,0.002,0.003,0,0,7.50E-05,0,0
,,,,,,,6.35,0.267,-0.01,0.14,0.0064,-2.50E-04,0.003,0.003,0,0,7.50E-05,0,0
,,,,,,,6.4,0.267,0,0.105,0.0064,0,0.002,0.003,0,0,7.50E-05,0,0
,,,,,,,6.45,0.267,0,0.105,0.0064,0,0.002,0.003,0,0,7.50E-05,0,0
,,,,,,,6.5,0.267,0,0.314,0.0064,0,0.007,0.003,0,0.035,7.50E-05,0,8.33E-04
,,,,,,,6.55,0.267,0.021,0.768,0.0064,5.00E-04,0.018,0.003,0,0.105,7.50E-05,0,0.002
,,,,,,,6.6,0.267,0.073,1.292,0.0064,0.002,0.031,0.003,0.01,0.175,7.50E-05,2.50E-04,0.004
,,,,,,,6.65,0.273,0.157,1.641,0.0065,0.004,0.039,0.003,0.021,0.209,7.50E-05,5.00E-04,0.005
,,,,,,,6.7,0.283,0.251,1.745,0.0067,0.006,0.042,0.006,0.031,0.175,1.50E-04,7.50E-04,0.004
,,,,,,,6.75,0.298,0.335,1.78,0.0071,0.008,0.042,0.006,0.042,0.105,1.50E-04,1.00E-03,0.002
,,,,,,,6.8,0.317,0.419,1.955,0.0076,0.01,0.047,0.009,0.042,-5.55E-16,2.25E-04,1.00E-03,-1.19E-17
,,,,,,,6.85,0.339,0.524,2.234,0.0081,0.012,0.053,0.013,0.042,-0.105,3.00E-04,1.00E-03,-0.002
,,,,,,,6.9,0.368,0.649,2.339,0.0088,0.015,0.056,0.013,0.031,-0.175,3.00E-04,7.50E-04,-0.004
,,,,,,,6.95,0.405,0.775,2.094,0.0097,0.018,0.05,0.016,0.021,-0.209,3.75E-04,5.00E-04,-0.005
,,,,,,,7,0.446,0.869,1.641,0.0106,0.021,0.039,0.016,0.01,-0.14,3.75E-04,2.50E-04,-0.003
,,,,,,,7.05,0.493,0.932,1.187,0.0118,0.022,0.028,0.016,0,-1.91E-16,3.75E-04,0,-5.42E-18
,,,,,,,7.1,0.54,0.984,0.838,0.0129,0.023,0.02,0.016,0.01,0.105,3.75E-04,2.50E-04,0.002
,,,,,,,7.15,0.591,1.016,0.524,0.0141,0.024,0.012,0.016,0.021,0.07,3.75E-04,5.00E-04,0.002
,,,,,,,7.2,0.644,1.037,0.244,0.0154,0.025,0.006,0.019,0.021,-0.07,4.50E-04,5.00E-04,-0.002
,,,,,,,7.25,0.694,1.037,0.105,0.0166,0.025,0.002,0.019,0.01,-0.14,4.50E-04,2.50E-04,-0.003
,,,,,,,7.3,0.748,1.037,0.105,0.0178,0.025,0.002,0.019,0,-0.105,4.50E-04,0,-0.002
,,,,,,,7.35,0.798,1.047,0.14,0.019,0.025,0.003,0.019,0,-0.035,4.50E-04,0,-8.33E-04
,,,,,,,7.4,0.851,1.058,0.07,0.0203,0.025,0.002,0.019,0,0,4.50E-04,0,0
,,,,,,,7.45,0.905,1.058,-0.07,0.0216,0.025,-0.002,0.019,0,0,4.50E-04,0,0
,,,,,,,7.5,0.958,1.047,-0.14,0.0229,0.025,-0.003,0.019,0,0,4.50E-04,0,0
,,,,,,,7.55,1.008,1.037,-0.035,0.0241,0.025,-8.33E-04,0.019,0,0,4.50E-04,0,0
,,,,,,,7.6,1.062,1.037,0.209,0.0253,0.025,0.005,0.019,0,0,4.50E-04,0,0
,,,,,,,7.65,1.112,1.058,0.524,0.0265,0.025,0.012,0.019,0,0,4.50E-04,0,0
,,,,,,,7.7,1.166,1.089,0.803,0.0278,0.026,0.019,0.019,0,0,4.50E-04,0,0
,,,,,,,7.75,1.222,1.141,0.873,0.0292,0.027,0.021,0.019,0,0,4.50E-04,0,0
,,,,,,,7.8,1.279,1.194,0.628,0.0305,0.028,0.015,0.019,0,0,4.50E-04,0,0
,,,,,,,7.85,1.341,1.215,0.14,0.032,0.029,0.003,0.019,0,0,4.50E-04,0,0
,,,,,,,7.9,1.404,1.204,-0.314,0.0335,0.029,-0.007,0.019,0,0,4.50E-04,0,0
,,,,,,,7.95,1.461,1.173,-0.489,0.0349,0.028,-0.012,0.019,0,0,4.50E-04,0,0
,,,,,,,8,1.521,1.141,-0.419,0.0363,0.027,-0.01,0.019,0,0,4.50E-04,0,0
,,,,,,,8.05,1.577,1.131,-0.244,0.0376,0.027,-0.006,0.019,0,0,4.50E-04,0,0
,,,,,,,8.1,1.63,1.121,-0.175,0.0389,0.027,-0.004,0.019,0,0,4.50E-04,0,0
,,,,,,,8.15,1.69,1.121,-0.314,0.0403,0.027,-0.007,0.019,0,0,4.50E-04,0,0
,,,,,,,8.2,1.744,1.1,-0.489,0.0416,0.026,-0.012,0.019,0,0,4.50E-04,0,0
,,,,,,,8.25,1.8,1.058,-0.524,0.043,0.025,-0.012,0.019,0,0,4.50E-04,0,0
,,,,,,,8.3,1.85,1.037,-0.384,0.0442,0.025,-0.009,0.019,0,0,4.50E-04,0,0
,,,,,,,8.35,1.901,1.026,-0.279,0.0454,0.024,-0.007,0.019,0,0,4.50E-04,0,0
,,,,,,,8.4,1.954,1.016,-0.314,0.0466,0.024,-0.007,0.019,0,0,4.50E-04,0,0
,,,,,,,8.45,2.004,0.995,-0.349,0.0478,0.024,-0.008,0.019,0,0,4.50E-04,0,0
,,,,,,,8.5,2.051,0.974,-0.279,0.049,0.023,-0.007,0.019,0,0,4.50E-04,0,0
,,,,,,,8.55,2.102,0.963,-0.14,0.0502,0.023,-0.003,0.019,0,0,4.50E-04,0,0
,,,,,,,8.6,2.149,0.963,-0.035,0.0513,0.023,-8.33E-04,0.019,0,0,4.50E-04,0,0
,,,,,,,8.65,2.196,0.963,-0.035,0.0524,0.023,-8.33E-04,0.019,0,0,4.50E-04,0,0
,,,,,,,8.7,2.246,0.963,-0.105,0.0536,0.023,-0.002,0.019,0,0,4.50E-04,0,0
,,,,,,,8.75,2.293,0.953,-0.698,0.0547,0.023,-0.017,0.019,0,0,4.50E-04,0,0
,,,,,,,8.8,2.34,0.942,-2.758,0.0559,0.022,-0.066,0.019,0,0,4.50E-04,0,0
,,,,,,,8.85,2.388,0.775,-6.213,0.057,0.018,-0.148,0.019,0,0,4.50E-04,0,0
,,,,,,,8.9,2.435,0.314,-9.076,0.0581,0.007,-0.217,0.019,0,0,4.50E-04,0,0
,,,,,,,8.95,2.432,-0.283,-8.936,0.058,-0.007,-0.213,0.019,0,-0.035,4.50E-04,0,-8.33E-04
,,,,,,,9,2.391,-0.723,-5.899,0.0571,-0.017,-0.141,0.019,0,-0.105,4.50E-04,0,-0.002
,,,,,,,9.05,2.347,-0.869,-2.374,0.056,-0.021,-0.057,0.019,-0.01,-0.14,4.50E-04,-2.50E-04,-0.003
,,,,,,,9.1,2.303,-0.869,-0.209,0.055,-0.021,-0.005,0.019,-0.021,-0.07,4.50E-04,-5.00E-04,-0.002
,,,,,,,9.15,2.259,-0.848,0.559,0.0539,-0.02,0.013,0.016,-0.021,0.07,3.75E-04,-5.00E-04,0.002
,,,,,,,9.2,2.218,-0.806,0.733,0.0529,-0.019,0.017,0.016,-0.01,0.14,3.75E-04,-2.50E-04,0.003
,,,,,,,9.25,2.177,-0.764,0.733,0.052,-0.018,0.017,0.016,0,0.105,3.75E-04,0,0.002
,,,,,,,9.3,2.143,-0.733,0.663,0.0511,-0.017,0.016,0.016,0,0.035,3.75E-04,0,8.33E-04
,,,,,,,9.35,2.105,-0.702,0.628,0.0502,-0.017,0.015,0.016,0,-0.035,3.75E-04,0,-8.33E-04
,,,,,,,9.4,2.07,-0.67,0.559,0.0494,-0.016,0.013,0.016,0,-0.105,3.75E-04,0,-0.002
,,,,,,,9.45,2.039,-0.639,0.419,0.0487,-0.015,0.01,0.016,-0.01,-0.14,3.75E-04,-2.50E-04,-0.003
,,,,,,,9.5,2.007,-0.628,0.279,0.0479,-0.015,0.007,0.016,-0.021,-0.07,3.75E-04,-5.00E-04,-0.002
,,,,,,,9.55,1.976,-0.618,0.209,0.0472,-0.015,0.005,0.013,-0.021,0.07,3.00E-04,-5.00E-04,0.002
,,,,,,,9.6,1.945,-0.607,3.805,0.0464,-0.014,0.091,0.013,-0.01,0.14,3.00E-04,-2.50E-04,0.003
,,,,,,,9.65,1.916,-0.597,14.172,0.0457,-0.014,0.338,0.013,0,0.105,3.00E-04,0,0.002
,,,,,,,9.7,1.885,0.492,25.133,0.045,0.012,0.6,0.013,0,0.035,3.00E-04,0,8.33E-04
,,,,,,,9.75,1.857,2.534,23.946,0.0443,0.06,0.572,0.013,0,0,3.00E-04,0,0
,,,,,,,9.8,2.152,3.801,6.597,0.0514,0.091,0.157,0.013,0,0,3.00E-04,0,0
,,,,,,,9.85,2.41,3.278,-12.287,0.0575,0.078,-0.293,0.013,0,0,3.00E-04,0,0
,,,,,,,9.9,2.472,1.728,-17.802,0.059,0.041,-0.425,0.013,0,0,3.00E-04,0,0
,,,,,,,9.95,2.52,0.922,-11.345,0.0601,0.022,-0.271,0.013,0,0,3.00E-04,0,0
,,,,,,,10,2.56,0.817,-3.665,0.0611,0.019,-0.087,0.013,0,0,3.00E-04,0,0
,,,,,,,10.05,2.598,0.785,-0.768,0.062,0.019,-0.018,0.013,0,0,3.00E-04,0,0
,,,,,,,10.1,2.639,0.764,-0.489,0.063,0.018,-0.012,0.013,0,0,3.00E-04,0,0
,,,,,,,10.15,2.677,0.744,-0.489,0.0639,0.018,-0.012,0.013,0,0,3.00E-04,0,0
,,,,,,,10.2,2.711,0.712,-0.454,0.0647,0.017,-0.011,0.013,0,0,3.00E-04,0,0
,,,,,,,10.25,2.749,0.691,-0.349,0.0656,0.016,-0.008,0.013,0,0,3.00E-04,0,0
,,,,,,,10.3,2.78,0.681,-0.244,0.0664,0.016,-0.006,0.013,0,0,3.00E-04,0,0
,,,,,,,10.35,2.815,0.67,-0.209,0.0672,0.016,-0.005,0.013,0,0,3.00E-04,0,0
,,,,,,,10.4,2.849,0.66,-0.209,0.068,0.016,-0.005,0.013,0,0,3.00E-04,0,0
,,,,,,,10.45,2.881,0.649,-0.209,0.0688,0.015,-0.005,0.013,0,0,3.00E-04,0,0
,,,,,,,10.5,2.912,0.639,-0.209,0.0695,0.015,-0.005,0.013,0,0,3.00E-04,0,0
,,,,,,,10.55,2.947,0.628,-0.209,0.0703,0.015,-0.005,0.013,0,0,3.00E-04,0,0
,,,,,,,10.6,2.975,0.618,-0.175,0.071,0.015,-0.004,0.013,0,0,3.00E-04,0,0
,,,,,,,10.65,3.007,0.607,-0.14,0.0718,0.014,-0.003,0.013,0,0,3.00E-04,0,0
,,,,,,,10.7,3.038,0.607,-0.14,0.0725,0.014,-0.003,0.013,0,0,3.00E-04,0,0
,,,,,,,10.75,3.066,0.597,-0.14,0.0732,0.014,-0.003,0.013,0,0,3.00E-04,0,0
,,,,,,,10.8,3.098,0.586,-0.14,0.0739,0.014,-0.003,0.013,0,0,3.00E-04,0,0
,,,,,,,10.85,3.126,0.586,-0.105,0.0746,0.014,-0.002,0.013,0,0,3.00E-04,0,0
,,,,,,,10.9,3.154,0.576,-0.07,0.0753,0.014,-0.002,0.013,0,0,3.00E-04,0,0
,,,,,,,10.95,3.186,0.576,-0.07,0.076,0.014,-0.002,0.013,0,0,3.00E-04,0,0
,,,,,,,11,3.211,0.576,-0.07,0.0766,0.014,-0.002,0.013,0,0,3.00E-04,0,0
,,,,,,,11.05,3.242,0.565,-0.105,0.0774,0.013,-0.002,0.013,0,0,3.00E-04,0,0
,,,,,,,11.1,3.27,0.565,-0.07,0.0781,0.013,-0.002,0.013,0,0,3.00E-04,0,0
,,,,,,,11.15,3.296,0.555,0.035,0.0787,0.013,8.33E-04,0.013,0,0,3.00E-04,0,0
,,,,,,,11.2,3.327,0.565,0.07,0.0794,0.013,0.002,0.013,0,0,3.00E-04,0,0
,,,,,,,11.25,3.352,0.576,-4.55E-14,0.08,0.014,-3.99E-16,0.013,0,0,3.00E-04,0,0
,,,,,,,11.3,3.383,0.565,-0.175,0.0808,0.013,-0.004,0.013,0,0,3.00E-04,0,0
,,,,,,,11.35,3.412,0.555,-0.244,0.0814,0.013,-0.006,0.013,0,0,3.00E-04,0,0
,,,,,,,11.4,3.437,0.534,-0.14,0.082,0.013,-0.003,0.013,0,0,3.00E-04,0,0
,,,,,,,11.45,3.465,0.534,3.00E-14,0.0827,0.013,9.54E-16,0.013,0,0,3.00E-04,0,0
,,,,,,,11.5,3.49,0.545,0.035,0.0833,0.013,8.33E-04,0.013,0,0,3.00E-04,0,0
,,,,,,,11.55,3.519,0.545,-0.105,0.084,0.013,-0.002,0.013,0,0,3.00E-04,0,0
,,,,,,,11.6,3.547,0.534,-0.279,0.0847,0.013,-0.007,0.013,0,0,3.00E-04,0,0
,,,,,,,11.65,3.572,0.513,-0.384,0.0853,0.012,-0.009,0.013,0,0,3.00E-04,0,0
,,,,,,,11.7,3.597,0.492,-0.384,0.0859,0.012,-0.009,0.013,0,0,3.00E-04,0,0
,,,,,,,11.75,3.622,0.471,-0.279,0.0865,0.011,-0.007,0.013,0,0,3.00E-04,0,0
,,,,,,,11.8,3.644,0.461,-0.14,0.087,0.011,-0.003,0.013,0,0,3.00E-04,0,0
,,,,,,,11.85,3.666,0.461,-0.07,0.0875,0.011,-0.002,0.013,0,0,3.00E-04,0,0
,,,,,,,11.9,3.691,0.461,-0.105,0.0881,0.011,-0.002,0.013,0,0,3.00E-04,0,0
,,,,,,,11.95,3.713,0.45,-0.14,0.0886,0.011,-0.003,0.013,0,0,3.00E-04,0,0
,,,,,,,12,3.735,0.44,-0.105,0.0892,0.01,-0.002,0.013,0,0,3.00E-04,0,0
,,,,,,,12.05,3.757,0.44,0,0.0897,0.01,0,0.013,0,0,3.00E-04,0,0
,,,,,,,12.1,3.779,0.44,0.105,0.0902,0.01,0.002,0.013,0,0,3.00E-04,0,0
,,,,,,,12.15,3.801,0.45,0.14,0.0907,0.011,0.003,0.013,0,0,3.00E-04,0,0
,,,,,,,12.2,3.823,0.461,0.07,0.0913,0.011,0.002,0.013,0,0,3.00E-04,0,0
,,,,,,,12.25,3.848,0.461,-0.07,0.0919,0.011,-0.002,0.013,0,0,3.00E-04,0,0
,,,,,,,12.3,3.87,0.45,-0.14,0.0924,0.011,-0.003,0.013,0,-0.035,3.00E-04,0,-8.33E-04
,,,,,,,12.35,3.892,0.44,-0.105,0.0929,0.01,-0.002,0.013,0,-0.105,3.00E-04,0,-0.002
,,,,,,,12.4,3.914,0.44,-0.035,0.0934,0.01,-8.33E-04,0.013,-0.01,-0.14,3.00E-04,-2.50E-04,-0.003
,,,,,,,12.45,3.936,0.44,-0.035,0.094,0.01,-8.33E-04,0.013,-0.021,-0.07,3.00E-04,-5.00E-04,-0.002
,,,,,,,12.5,3.958,0.44,-0.105,0.0945,0.01,-0.002,0.009,-0.021,0.07,2.25E-04,-5.00E-04,0.002
,,,,,,,12.55,3.98,0.429,-0.175,0.095,0.01,-0.004,0.009,-0.01,0.14,2.25E-04,-2.50E-04,0.003
,,,,,,,12.6,4.002,0.419,-0.175,0.0955,0.01,-0.004,0.009,0,0.105,2.25E-04,0,0.002
,,,,,,,12.65,4.021,0.408,-0.105,0.096,0.01,-0.002,0.009,0,0.035,2.25E-04,0,8.33E-04
,,,,,,,12.7,4.043,0.408,-0.035,0.0965,0.01,-8.33E-04,0.009,0,0,2.25E-04,0,0
,,,,,,,12.75,4.062,0.408,0.035,0.097,0.01,8.33E-04,0.009,0,0,2.25E-04,0,0
,,,,,,,12.8,4.084,0.408,0.175,0.0975,0.01,0.004,0.009,0,0,2.25E-04,0,0
,,,,,,,12.85,4.103,0.419,0.454,0.0979,0.01,0.011,0.009,0,0,2.25E-04,0,0
,,,,,,,12.9,4.125,0.45,0.803,0.0985,0.011,0.019,0.009,0,0.035,2.25E-04,0,8.33E-04
,,,,,,,12.95,4.147,0.503,1.152,0.099,0.012,0.027,0.009,0,0.14,2.25E-04,0,0.003
,,,,,,,13,4.175,0.565,1.431,0.0997,0.013,0.034,0.009,0.01,0.244,2.25E-04,2.50E-04,0.006
,,,,,,,13.05,4.203,0.649,1.676,0.1003,0.015,0.04,0.009,0.031,0.209,2.25E-04,7.50E-04,0.005
,,,,,,,13.1,4.238,0.733,1.955,0.1012,0.017,0.047,0.013,0.042,-5.55E-16,3.00E-04,1.00E-03,-1.52E-17
,,,,,,,13.15,4.279,0.838,2.339,0.1021,0.02,0.056,0.016,0.031,-0.175,3.75E-04,7.50E-04,-0.004
,,,,,,,13.2,4.32,0.963,2.827,0.1031,0.023,0.067,0.016,0.01,-0.14,3.75E-04,2.50E-04,-0.003
,,,,,,,13.25,4.373,1.121,3.211,0.1044,0.027,0.077,0.016,0.01,3.82E-16,3.75E-04,2.50E-04,5.96E-18
,,,,,,,13.3,4.433,1.299,3.316,0.1058,0.031,0.079,0.016,0.021,0.07,3.75E-04,5.00E-04,0.002
,,,,,,,13.35,4.502,1.466,3.107,0.1075,0.035,0.074,0.019,0.021,0.035,4.50E-04,5.00E-04,8.33E-04
,,,,,,,13.4,4.58,1.613,2.758,0.1093,0.038,0.066,0.019,0.021,3.82E-16,4.50E-04,5.00E-04,1.63E-17
,,,,,,,13.45,4.665,1.738,2.513,0.1114,0.041,0.06,0.019,0.021,-0.035,4.50E-04,5.00E-04,-8.33E-04
,,,,,,,13.5,4.753,1.854,2.374,0.1135,0.044,0.057,0.022,0.021,-0.105,5.25E-04,5.00E-04,-0.002
,,,,,,,13.55,4.851,1.979,1.047,0.1158,0.047,0.025,0.022,0.01,-0.14,5.25E-04,2.50E-04,-0.003
,,,,,,,13.6,4.951,2.084,-3.91,0.1182,0.05,-0.093,0.022,0,-0.105,5.25E-04,0,-0.002
,,,,,,,13.65,5.061,1.822,-12.601,0.1208,0.043,-0.301,0.022,0,-0.035,5.25E-04,0,-8.33E-04
,,,,,,,13.7,5.168,0.838,-20.246,0.1234,0.02,-0.483,0.022,0,0,5.25E-04,0,0
,,,,,,,13.75,5.18,-0.555,-20.804,0.1237,-0.013,-0.497,0.022,0,0,5.25E-04,0,0
,,,,,,,13.8,5.083,-1.613,-14.032,0.1213,-0.038,-0.335,0.022,0,0,5.25E-04,0,0
,,,,,,,13.85,4.979,-1.969,0.803,0.1189,-0.047,0.019,0.022,0,0,5.25E-04,0,0
,,,,,,,13.9,4.885,-1.958,22.829,0.1166,-0.047,0.545,0.022,0,0,5.25E-04,0,0
,,,,,,,13.95,4.788,0.031,41.329,0.1143,7.50E-04,0.987,0.022,0,0,5.25E-04,0,0
,,,,,,,14,4.687,3.236,39.689,0.1119,0.077,0.947,0.022,0,0,5.25E-04,0,0
,,,,,,,14.05,5.187,5.236,14.765,0.1238,0.125,0.352,0.022,0,0,5.25E-04,0,0
,,,,,,,14.1,5.457,4.744,-10.472,0.1303,0.113,-0.25,0.022,0,0,5.25E-04,0,0
,,,,,,,14.15,5.589,2.953,-17.558,0.1334,0.07,-0.419,0.022,0,0,5.25E-04,0,0
,,,,,,,14.2,5.708,2.377,-9.983,0.1363,0.057,-0.238,0.022,0,0,5.25E-04,0,0
,,,,,,,14.25,5.821,2.335,-1.92,0.139,0.056,-0.046,0.022,0,0,5.25E-04,0,0
,,,,,,,14.3,5.938,2.367,0.105,0.1417,0.056,0.002,0.022,0,0,5.25E-04,0,0
,,,,,,,14.35,6.06,2.388,-0.14,0.1447,0.057,-0.003,0.022,0,0,5.25E-04,0,0
,,,,,,,14.4,6.18,2.356,-0.663,0.1475,0.056,-0.016,0.022,0,0,5.25E-04,0,0
,,,,,,,14.45,6.296,2.304,-1.012,0.1503,0.055,-0.024,0.022,0,0,5.25E-04,0,0
,,,,,,,14.5,6.409,2.251,-1.187,0.153,0.054,-0.028,0.022,0,0,5.25E-04,0,0
,,,,,,,14.55,6.522,2.189,-1.326,0.1557,0.052,-0.032,0.022,0,0,5.25E-04,0,0
,,,,,,,14.6,6.629,2.115,-1.326,0.1582,0.05,-0.032,0.022,0,0,5.25E-04,0,0
,,,,,,,14.65,6.732,2.042,-1.152,0.1607,0.049,-0.027,0.022,0,0,5.25E-04,0,0
,,,,,,,14.7,6.833,2,-1.012,0.1631,0.048,-0.024,0.022,0,0,5.25E-04,0,0
,,,,,,,14.75,6.93,1.958,-1.047,0.1654,0.047,-0.025,0.022,0,0,5.25E-04,0,0
,,,,,,,14.8,7.031,1.895,-1.047,0.1678,0.045,-0.025,0.022,0,0,5.25E-04,0,0
,,,,,,,14.85,7.122,1.833,-0.593,0.17,0.044,-0.014,0.022,0,0,5.25E-04,0,0
,,,,,,,14.9,7.21,1.812,0.419,0.1721,0.043,0.01,0.022,0,0,5.25E-04,0,0
,,,,,,,14.95,7.301,1.864,1.85,0.1743,0.044,0.044,0.022,0,0,5.25E-04,0,0
,,,,,,,15,7.395,1.99,2.897,0.1765,0.047,0.069,0.022,0,0,5.25E-04,0,0
,,,,,,,15.05,7.496,2.21,2.513,0.1789,0.053,0.06,0.022,0,0,5.25E-04,0,0
,,,,,,,15.1,7.612,2.335,0.524,0.1817,0.056,0.012,0.022,0,0,5.25E-04,0,0
,,,,,,,15.15,7.747,2.272,-1.885,0.1849,0.054,-0.045,0.022,0,0,5.25E-04,0,0
,,,,,,,15.2,7.845,2.084,-4.992,0.1873,0.05,-0.119,0.022,0,0,5.25E-04,0,0
,,,,,,,15.25,7.945,1.895,-10.612,0.1897,0.045,-0.253,0.022,0,0,5.25E-04,0,0
,,,,,,,15.3,8.039,1.215,-17.523,0.1919,0.029,-0.418,0.022,0,0,5.25E-04,0,0
,,,,,,,15.35,8.121,-0.042,-20.42,0.1939,-1.00E-03,-0.487,0.022,0,0,5.25E-04,0,0
,,,,,,,15.4,8.033,-1.236,-15.638,0.1918,-0.029,-0.373,0.022,0,0,5.25E-04,0,0
,,,,,,,15.45,7.939,-1.78,-7.261,0.1895,-0.042,-0.173,0.022,0,0,5.25E-04,0,0
,,,,,,,15.5,7.851,-1.738,7.33E-14,0.1874,-0.041,3.47E-16,0.022,0,0,5.25E-04,0,0
,,,,,,,15.55,7.769,-1.717,10.716,0.1855,-0.041,0.256,0.022,0,0,5.25E-04,0,0
,,,,,,,15.6,7.681,-1.299,26.494,0.1834,-0.031,0.632,0.022,0,0,5.25E-04,0,0
,,,,,,,15.65,7.593,0.995,36.059,0.1813,0.024,0.861,0.022,0,0,5.25E-04,0,0
,,,,,,,15.7,7.637,3.498,26.005,0.1823,0.083,0.621,0.022,0,0,5.25E-04,0,0
,,,,,,,15.75,8.112,4.304,1.885,0.1936,0.103,0.045,0.022,0,0,5.25E-04,0,0
,,,,,,,15.8,8.212,3.194,-13.823,0.196,0.076,-0.33,0.022,0,0,5.25E-04,0,0
,,,,,,,15.85,8.31,1.864,-13.16,0.1984,0.044,-0.314,0.022,0,0,5.25E-04,0,0
,,,,,,,15.9,8.397,1.791,-5.096,0.2005,0.043,-0.122,0.022,0,0,5.25E-04,0,0
,,,,,,,15.95,8.485,1.759,-0.314,0.2026,0.042,-0.007,0.022,0,0,5.25E-04,0,0
,,,,,,,16,8.573,1.77,0.209,0.2047,0.042,0.005,0.022,0,0,5.25E-04,0,0
,,,,,,,16.05,8.661,1.791,0.454,0.2068,0.043,0.011,0.022,0,0,5.25E-04,0,0
,,,,,,,16.1,8.752,1.822,0.489,0.2089,0.043,0.012,0.022,0,0,5.25E-04,0,0
,,,,,,,16.15,8.844,1.843,0.454,0.2111,0.044,0.011,0.022,0,0,5.25E-04,0,0
,,,,,,,16.2,8.938,1.864,0.419,0.2134,0.044,0.01,0.022,0,0,5.25E-04,0,0
,,,,,,,16.25,9.029,1.885,0.349,0.2155,0.045,0.008,0.022,0,0,5.25E-04,0,0
,,,,,,,16.3,9.126,1.906,0.14,0.2179,0.045,0.003,0.022,0,0,5.25E-04,0,0
,,,,,,,16.35,9.221,1.906,-0.07,0.2201,0.045,-0.002,0.022,0,0,5.25E-04,0,0
,,,,,,,16.4,9.318,1.885,-0.07,0.2224,0.045,-0.002,0.022,0,0,5.25E-04,0,0
,,,,,,,16.45,9.409,1.885,0.14,0.2246,0.045,0.003,0.022,0,0,5.25E-04,0,0
,,,,,,,16.5,9.503,1.906,0.175,0.2269,0.045,0.004,0.022,0,0,5.25E-04,0,0
,,,,,,,16.55,9.601,1.927,-0.244,0.2292,0.046,-0.006,0.022,0,0,5.25E-04,0,0
,,,,,,,16.6,9.698,1.895,-0.803,0.2315,0.045,-0.019,0.022,0,0,5.25E-04,0,0
,,,,,,,16.65,9.792,1.822,-1.012,0.2338,0.043,-0.024,0.022,0,0,5.25E-04,0,0
,,,,,,,16.7,9.88,1.77,-0.733,0.2359,0.042,-0.017,0.022,0,0,5.25E-04,0,0
,,,,,,,16.75,9.965,1.749,-0.244,0.2379,0.042,-0.006,0.022,0,0,5.25E-04,0,0
,,,,,,,16.8,10.056,1.749,0.175,0.2401,0.042,0.004,0.022,0,0,5.25E-04,0,0
,,,,,,,16.85,10.141,1.77,0.419,0.2421,0.042,0.01,0.022,0,0,5.25E-04,0,0
,,,,,,,16.9,10.229,1.801,0.314,0.2442,0.043,0.007,0.022,0,0,5.25E-04,0,0
,,,,,,,16.95,10.323,1.822,-0.244,0.2464,0.043,-0.006,0.022,0,0,5.25E-04,0,0
,,,,,,,17,10.414,1.791,-1.047,0.2486,0.043,-0.025,0.022,0,-0.035,5.25E-04,0,-8.33E-04
,,,,,,,17.05,10.502,1.707,-2.583,0.2507,0.041,-0.062,0.022,0,-0.105,5.25E-04,0,-0.002
,,,,,,,17.1,10.587,1.602,-5.76,0.2527,0.038,-0.137,0.022,-0.01,-0.14,5.25E-04,-2.50E-04,-0.003
,,,,,,,17.15,10.663,1.236,-9.879,0.2545,0.029,-0.236,0.022,-0.021,-0.105,5.25E-04,-5.00E-04,-0.002
,,,,,,,17.2,10.735,0.534,-11.903,0.2563,0.013,-0.284,0.019,-0.021,-0.035,4.50E-04,-5.00E-04,-8.33E-04
,,,,,,,17.25,10.725,-0.188,-9.215,0.256,-0.004,-0.22,0.019,-0.021,-0.07,4.50E-04,-5.00E-04,-0.002
,,,,,,,17.3,10.685,-0.545,-3.386,0.2551,-0.013,-0.081,0.019,-0.021,-0.209,4.50E-04,-5.00E-04,-0.005
,,,,,,,17.35,10.656,-0.45,1.676,0.2544,-0.011,0.04,0.016,-0.042,-0.314,3.75E-04,-1.00E-03,-0.007
,,,,,,,17.4,10.641,-0.22,3.91,0.254,-0.005,0.093,0.016,-0.063,-0.314,3.75E-04,-0.001,-0.007
,,,,,,,17.45,10.634,-0.01,4.119,0.2539,-2.50E-04,0.098,0.009,-0.073,-0.279,2.25E-04,-0.002,-0.007
,,,,,,,17.5,10.641,0.188,3.84,0.254,0.004,0.092,0.006,-0.084,-0.384,1.50E-04,-0.002,-0.009
,,,,,,,17.55,10.653,0.377,2.688,0.2543,0.009,0.064,0.003,-0.105,-0.593,7.50E-05,-0.002,-0.014
,,,,,,,17.6,10.678,0.545,-0.314,0.2549,0.013,-0.007,-0.003,-0.147,-0.803,-7.50E-05,-0.003,-0.019
,,,,,,,17.65,10.71,0.44,-4.468,0.2557,0.01,-0.107,-0.013,-0.188,-1.047,-3.00E-04,-0.004,-0.025
,,,,,,,17.7,10.747,0.031,-7.226,0.2566,7.50E-04,-0.172,-0.022,-0.241,-1.431,-5.25E-04,-0.006,-0.034
,,,,,,,17.75,10.716,-0.45,-6.562,0.2558,-0.011,-0.157,-0.035,-0.325,-1.885,-8.25E-04,-0.008,-0.045
,,,,,,,17.8,10.681,-0.733,-3.665,0.255,-0.017,-0.087,-0.053,-0.44,-2.164,-0.0013,-0.01,-0.052
,,,,,,,17.85,10.641,-0.764,-0.942,0.254,-0.018,-0.022,-0.079,-0.555,-2.129,-0.0019,-0.013,-0.051
,,,,,,,17.9,10.603,-0.754,0.419,0.2531,-0.018,0.01,-0.11,-0.66,-1.85,-0.0026,-0.016,-0.044
,,,,,,,17.95,10.565,-0.712,0.873,0.2522,-0.017,0.021,-0.145,-0.744,-1.466,-0.0034,-0.018,-0.035
,,,,,,,18,10.531,-0.66,1.117,0.2514,-0.016,0.027,-0.185,-0.806,-1.047,-0.0044,-0.019,-0.025
,,,,,,,18.05,10.499,-0.597,1.222,0.2506,-0.014,0.029,-0.226,-0.848,-0.663,-0.0054,-0.02,-0.016
,,,,,,,18.1,10.471,-0.534,1.222,0.25,-0.013,0.029,-0.27,-0.869,-0.314,-0.0064,-0.021,-0.007
,,,,,,,18.15,10.446,-0.471,1.152,0.2494,-0.011,0.027,-0.314,-0.88,-1.06E-13,-0.0075,-0.021,-2.43E-15
,,,,,,,18.2,10.424,-0.419,1.082,0.2488,-0.01,0.026,-0.358,-0.869,0.279,-0.0085,-0.021,0.007
,,,,,,,18.25,10.405,-0.367,1.012,0.2484,-0.009,0.024,-0.402,-0.848,0.559,-0.0096,-0.02,0.013
,,,,,,,18.3,10.386,-0.314,0.873,0.2479,-0.007,0.021,-0.443,-0.817,0.873,-0.0106,-0.019,0.021
,,,,,,,18.35,10.374,-0.272,0.628,0.2476,-0.006,0.015,-0.484,-0.764,1.187,-0.0115,-0.018,0.028
,,,,,,,18.4,10.361,-0.251,0.384,0.2473,-0.006,0.009,-0.522,-0.691,1.361,-0.0124,-0.016,0.032
,,,,,,,18.45,10.348,-0.241,0.244,0.247,-0.006,0.006,-0.553,-0.618,1.361,-0.0132,-0.015,0.032
,,,,,,,18.5,10.336,-0.23,0.279,0.2467,-0.005,0.007,-0.581,-0.555,1.361,-0.0139,-0.013,0.032
,,,,,,,18.55,10.326,-0.22,0.489,0.2465,-0.005,0.012,-0.609,-0.492,1.536,-0.0145,-0.012,0.037
,,,,,,,18.6,10.314,-0.188,0.803,0.2462,-0.004,0.019,-0.631,-0.408,1.815,-0.0151,-0.01,0.043
,,,,,,,18.65,10.304,-0.136,1.012,0.246,-0.003,0.024,-0.65,-0.304,2.059,-0.0155,-0.007,0.049
,,,,,,,18.7,10.301,-0.073,0.908,0.2459,-0.002,0.022,-0.663,-0.199,2.234,-0.0158,-0.005,0.053
,,,,,,,18.75,10.298,-0.031,0.489,0.2458,-7.50E-04,0.012,-0.669,-0.084,2.409,-0.016,-0.002,0.057
,,,,,,,18.8,10.298,-0.021,-0.105,0.2458,-5.00E-04,-0.002,-0.672,0.042,2.548,-0.016,1.00E-03,0.061
,,,,,,,18.85,10.298,-0.042,-0.698,0.2458,-1.00E-03,-0.017,-0.666,0.178,2.443,-0.0159,0.004,0.058
,,,,,,,18.9,10.295,-0.094,-1.222,0.2458,-0.002,-0.029,-0.653,0.304,2.059,-0.0156,0.007,0.049
,,,,,,,18.95,10.289,-0.168,-1.71,0.2456,-0.004,-0.041,-0.635,0.387,1.536,-0.0151,0.009,0.037
,,,,,,,19,10.279,-0.262,-2.199,0.2454,-0.006,-0.052,-0.613,0.45,1.012,-0.0146,0.011,0.024
,,,,,,,19.05,10.264,-0.387,-2.653,0.245,-0.009,-0.063,-0.591,0.492,0.454,-0.0141,0.012,0.011
,,,,,,,19.1,10.242,-0.534,-3.002,0.2445,-0.013,-0.072,-0.562,0.503,-0.279,-0.0134,0.012,-0.007
,,,,,,,19.15,10.21,-0.691,-3.211,0.2437,-0.016,-0.077,-0.537,0.471,-1.152,-0.0128,0.011,-0.027
,,,,,,,19.2,10.172,-0.859,-3.281,0.2428,-0.02,-0.078,-0.515,0.387,-2.059,-0.0123,0.009,-0.049
,,,,,,,19.25,10.125,-1.026,-3.107,0.2417,-0.024,-0.074,-0.496,0.262,-2.932,-0.0118,0.006,-0.07
,,,,,,,19.3,10.069,-1.183,-2.618,0.2404,-0.028,-0.062,-0.487,0.094,-3.735,-0.0116,0.002,-0.089
,,,,,,,19.35,10.006,-1.299,-1.92,0.2389,-0.031,-0.046,-0.487,-0.115,-4.398,-0.0116,-0.003,-0.105
,,,,,,,19.4,9.937,-1.372,-1.152,0.2372,-0.033,-0.027,-0.496,-0.356,-4.747,-0.0118,-0.008,-0.113
,,,,,,,19.45,9.868,-1.414,-0.419,0.2356,-0.034,-0.01,-0.522,-0.607,-4.712,-0.0124,-0.014,-0.112
,,,,,,,19.5,9.795,-1.414,0.314,0.2338,-0.034,0.007,-0.559,-0.838,-4.363,-0.0133,-0.02,-0.104
,,,,,,,19.55,9.723,-1.382,1.082,0.2321,-0.033,0.026,-0.606,-1.047,-3.84,-0.0145,-0.025,-0.092
,,,,,,,19.6,9.657,-1.309,1.955,0.2305,-0.031,0.047,-0.663,-1.225,-3.211,-0.0158,-0.029,-0.077
,,,,,,,19.65,9.591,-1.194,3.002,0.229,-0.028,0.072,-0.732,-1.372,-2.443,-0.0175,-0.033,-0.058
,,,,,,,19.7,9.535,-1.016,4.119,0.2276,-0.024,0.098,-0.801,-1.477,-1.501,-0.0191,-0.035,-0.036
,,,,,,,19.75,9.488,-0.775,5.131,0.2265,-0.018,0.122,-0.88,-1.529,-0.314,-0.021,-0.036,-0.007
,,,,,,,19.8,9.456,-0.492,5.899,0.2257,-0.012,0.141,-0.958,-1.518,1.047,-0.0229,-0.036,0.025
,,,,,,,19.85,9.437,-0.178,6.388,0.2253,-0.004,0.152,-1.034,-1.424,2.443,-0.0247,-0.034,0.058
,,,,,,,19.9,9.437,0.157,6.528,0.2253,0.004,0.156,-1.103,-1.267,3.805,-0.0263,-0.03,0.091
,,,,,,,19.95,9.453,0.492,6.144,0.2257,0.012,0.147,-1.162,-1.047,5.131,-0.0277,-0.025,0.122
,,,,,,,20,9.488,0.796,5.027,0.2265,0.019,0.12,-1.21,-0.754,6.388,-0.0289,-0.018,0.152
,,,,,,,20.05,9.535,1.026,3.072,0.2276,0.024,0.073,-1.241,-0.398,7.33,-0.0296,-0.009,0.175
,,,,,,,20.1,9.594,1.131,0.489,0.229,0.027,0.012,-1.25,0,7.679,-0.0298,0,0.183
,,,,,,,20.15,9.654,1.079,-2.164,0.2305,0.026,-0.052,-1.241,0.398,7.33,-0.0296,0.009,0.175
,,,,,,,20.2,9.708,0.89,-4.328,0.2317,0.021,-0.103,-1.21,0.754,6.353,-0.0289,0.018,0.152
,,,,,,,20.25,9.745,0.618,-5.76,0.2326,0.015,-0.137,-1.162,1.047,4.957,-0.0277,0.025,0.118
,,,,,,,20.3,9.77,0.293,-6.528,0.2332,0.007,-0.156,-1.103,1.257,3.351,-0.0263,0.03,0.08
,,,,,,,20.35,9.777,-0.052,-6.772,0.2334,-0.001,-0.162,-1.034,1.382,1.71,-0.0247,0.033,0.041
,,,,,,,20.4,9.764,-0.398,-6.667,0.2331,-0.009,-0.159,-0.961,1.424,0.14,-0.0229,0.034,0.003
,,,,,,,20.45,9.736,-0.723,-6.423,0.2324,-0.017,-0.153,-0.889,1.393,-1.361,-0.0212,0.033,-0.032
,,,,,,,20.5,9.692,-1.037,-6.109,0.2314,-0.025,-0.146,-0.82,1.288,-2.793,-0.0196,0.031,-0.067
,,,,,,,20.55,9.632,-1.34,-5.62,0.2299,-0.032,-0.134,-0.757,1.11,-4.119,-0.0181,0.026,-0.098
,,,,,,,20.6,9.557,-1.613,-4.922,0.2281,-0.038,-0.117,-0.707,0.869,-5.236,-0.0169,0.021,-0.125
,,,,,,,20.65,9.469,-1.833,-4.014,0.226,-0.044,-0.096,-0.669,0.576,-6.109,-0.016,0.014,-0.146
,,,,,,,20.7,9.371,-2.021,-2.723,0.2237,-0.048,-0.065,-0.647,0.251,-6.667,-0.0154,0.006,-0.159
,,,,,,,20.75,9.268,-2.136,-0.768,0.2212,-0.051,-0.018,-0.644,-0.105,-6.772,-0.0154,-0.002,-0.162
,,,,,,,20.8,9.151,-2.126,1.745,0.2185,-0.051,0.042,-0.657,-0.45,-6.353,-0.0157,-0.011,-0.152
,,,,,,,20.85,9.048,-1.958,4.049,0.216,-0.047,0.097,-0.691,-0.754,-5.515,-0.0165,-0.018,-0.132
,,,,,,,20.9,8.954,-1.676,5.55,0.2137,-0.04,0.132,-0.735,-1.005,-4.503,-0.0175,-0.024,-0.107
,,,,,,,20.95,8.878,-1.372,6.248,0.2119,-0.033,0.149,-0.792,-1.204,-3.351,-0.0189,-0.029,-0.08
,,,,,,,21,8.818,-1.047,6.528,0.2105,-0.025,0.156,-0.858,-1.351,-1.99,-0.0205,-0.032,-0.047
,,,,,,,21.05,8.771,-0.712,6.667,0.2094,-0.017,0.159,-0.93,-1.414,-0.419,-0.0222,-0.034,-0.01
,,,,,,,21.1,8.746,-0.377,6.667,0.2088,-0.009,0.159,-1.002,-1.393,1.257,-0.0239,-0.033,0.03
,,,,,,,21.15,8.737,-0.042,6.528,0.2086,-1.00E-03,0.156,-1.071,-1.288,2.897,-0.0256,-0.031,0.069
,,,,,,,21.2,8.74,0.283,6.074,0.2086,0.007,0.145,-1.134,-1.1,4.398,-0.0271,-0.026,0.105
,,,,,,,21.25,8.765,0.586,5.061,0.2092,0.014,0.121,-1.184,-0.838,5.655,-0.0283,-0.02,0.135
,,,,,,,21.3,8.803,0.817,3.421,0.2101,0.019,0.082,-1.219,-0.524,6.597,-0.0291,-0.012,0.157
,,,,,,,21.35,8.85,0.942,1.326,0.2113,0.022,0.032,-1.238,-0.168,7.156,-0.0295,-0.004,0.171
,,,,,,,21.4,8.9,0.953,-0.873,0.2125,0.023,-0.021,-1.238,0.209,7.191,-0.0295,0.005,0.172
,,,,,,,21.45,8.95,0.848,-2.862,0.2137,0.02,-0.068,-1.216,0.576,6.562,-0.029,0.014,0.157
,,,,,,,21.5,8.988,0.649,-4.433,0.2146,0.015,-0.106,-1.178,0.89,5.376,-0.0281,0.021,0.128
,,,,,,,21.55,9.016,0.387,-5.55,0.2152,0.009,-0.132,-1.125,1.121,3.91,-0.0268,0.027,0.093
,,,,,,,21.6,9.029,0.084,-6.213,0.2155,0.002,-0.148,-1.062,1.278,2.409,-0.0253,0.03,0.057
,,,,,,,21.65,9.026,-0.251,-6.423,0.2155,-0.006,-0.153,-0.996,1.361,0.942,-0.0238,0.032,0.022
,,,,,,,21.7,9.004,-0.576,-6.213,0.2149,-0.014,-0.148,-0.924,1.372,-0.559,-0.022,0.033,-0.013
,,,,,,,21.75,8.966,-0.88,-5.655,0.214,-0.021,-0.135,-0.855,1.309,-2.059,-0.0204,0.031,-0.049
,,,,,,,21.8,8.916,-1.152,-4.852,0.2128,-0.027,-0.116,-0.792,1.162,-3.456,-0.0189,0.028,-0.082
,,,,,,,21.85,8.85,-1.372,-3.91,0.2113,-0.033,-0.093,-0.735,0.953,-4.608,-0.0175,0.023,-0.11
,,,,,,,21.9,8.774,-1.539,-2.967,0.2095,-0.037,-0.071,-0.694,0.691,-5.48,-0.0166,0.016,-0.131
,,,,,,,21.95,8.696,-1.665,-1.99,0.2076,-0.04,-0.047,-0.666,0.398,-6.144,-0.0159,0.009,-0.147
,,,,,,,22,8.608,-1.749,-0.768,0.2055,-0.042,-0.018,-0.653,0.073,-6.528,-0.0156,0.002,-0.156
,,,,,,,22.05,8.517,-1.759,1.012,0.2033,-0.042,0.024,-0.657,-0.272,-6.423,-0.0157,-0.006,-0.153
,,,,,,,22.1,8.429,-1.676,4.119,0.2012,-0.04,0.098,-0.682,-0.597,-5.725,-0.0163,-0.014,-0.137
,,,,,,,22.15,8.347,-1.435,8.412,0.1993,-0.034,0.201,-0.719,-0.859,-4.677,-0.0172,-0.02,-0.112
,,,,,,,22.2,8.275,-0.838,11.519,0.1975,-0.02,0.275,-0.77,-1.058,-3.595,-0.0184,-0.025,-0.086
,,,,,,,22.25,8.24,-0.073,10.297,0.1967,-0.002,0.246,-0.826,-1.215,-2.513,-0.0197,-0.029,-0.06
,,,,,,,22.3,8.284,0.419,4.468,0.1978,0.01,0.107,-0.892,-1.319,-1.222,-0.0213,-0.031,-0.029
,,,,,,,22.35,8.316,0.398,-2.164,0.1985,0.009,-0.052,-0.961,-1.351,0.419,-0.0229,-0.032,0.01
,,,,,,,22.4,8.325,0.031,-5.236,0.1987,7.50E-04,-0.125,-1.03,-1.288,2.269,-0.0246,-0.031,0.054
,,,,,,,22.45,8.319,-0.335,-3.246,0.1986,-0.008,-0.077,-1.093,-1.121,4.014,-0.0261,-0.027,0.096
,,,,,,,22.5,8.291,-0.419,1.78,0.1979,-0.01,0.042,-1.147,-0.869,5.411,-0.0274,-0.021,0.129
,,,,,,,22.55,8.25,-0.126,5.969,0.1969,-0.003,0.142,-1.181,-0.565,6.388,-0.0282,-0.013,0.152
,,,,,,,22.6,8.269,0.356,6.423,0.1974,0.008,0.153,-1.203,-0.22,7.016,-0.0287,-0.005,0.167
,,,,,,,22.65,8.303,0.681,3.456,0.1982,0.016,0.082,-1.206,0.147,7.191,-0.0288,0.003,0.172
,,,,,,,22.7,8.344,0.702,-0.419,0.1992,0.017,-0.01,-1.188,0.524,6.737,-0.0283,0.012,0.161
,,,,,,,22.75,8.379,0.565,-3.211,0.2,0.013,-0.077,-1.153,0.848,5.655,-0.0275,0.02,0.135
,,,,,,,22.8,8.404,0.346,-4.712,0.2006,0.008,-0.112,-1.1,1.1,4.154,-0.0262,0.026,0.099
,,,,,,,22.85,8.413,0.073,-5.48,0.2008,0.002,-0.131,-1.04,1.267,2.548,-0.0248,0.03,0.061
,,,,,,,22.9,8.413,-0.22,-5.794,0.2008,-0.005,-0.138,-0.971,1.351,1.012,-0.0232,0.032,0.024
,,,,,,,22.95,8.391,-0.513,-4.887,0.2003,-0.012,-0.117,-0.902,1.361,-0.384,-0.0215,0.032,-0.009
,,,,,,,23,8.36,-0.806,-1.012,0.1996,-0.019,-0.024,-0.833,1.309,-1.745,-0.0199,0.031,-0.042
,,,,,,,23.05,8.313,-0.806,6.074,0.1984,-0.019,0.145,-0.77,1.194,-3.142,-0.0184,0.028,-0.075
,,,,,,,23.1,8.25,-0.23,12.915,0.1969,-0.005,0.308,-0.71,0.995,-4.468,-0.0169,0.024,-0.107
,,,,,,,23.15,8.259,0.733,14.591,0.1972,0.017,0.348,-0.666,0.733,-5.48,-0.0159,0.017,-0.131
,,,,,,,23.2,8.344,1.529,10.332,0.1992,0.036,0.247,-0.638,0.429,-6.074,-0.0152,0.01,-0.145
,,,,,,,23.25,8.438,1.812,4.084,0.2014,0.043,0.097,-0.622,0.115,-6.318,-0.0148,0.003,-0.151
,,,,,,,23.3,8.529,1.791,-1.501,0.2036,0.043,-0.036,-0.625,-0.209,-6.213,-0.0149,-0.005,-0.148
,,,,,,,23.35,8.617,1.696,-10.856,0.2057,0.04,-0.259,-0.644,-0.524,-5.725,-0.0154,-0.012,-0.137
,,,,,,,23.4,8.702,1.194,-23.876,0.2077,0.028,-0.57,-0.679,-0.796,-4.852,-0.0162,-0.019,-0.116
,,,,,,,23.45,8.774,-0.848,-29.566,0.2095,-0.02,-0.706,-0.726,-1.016,-3.735,-0.0173,-0.024,-0.089
,,,,,,,23.5,8.73,-2.827,-17.698,0.2084,-0.067,-0.422,-0.782,-1.173,-2.478,-0.0187,-0.028,-0.059
,,,,,,,23.55,8.335,-3.152,5.027,0.199,-0.075,0.12,-0.845,-1.267,-1.117,-0.0202,-0.03,-0.027
,,,,,,,23.6,8.294,-1.812,18.64,0.198,-0.043,0.445,-0.911,-1.288,0.314,-0.0217,-0.031,0.007
,,,,,,,23.65,8.266,-0.356,17.349,0.1973,-0.008,0.414,-0.977,-1.236,1.745,-0.0233,-0.029,0.042
,,,,,,,23.7,8.256,-0.031,9.041,0.1971,-7.50E-04,0.216,-1.037,-1.11,3.107,-0.0247,-0.026,0.074
,,,,,,,23.75,8.266,0.272,1.885,0.1973,0.006,0.045,-1.09,-0.922,4.363,-0.026,-0.022,0.104
,,,,,,,23.8,8.284,0.272,-3.002,0.1978,0.006,-0.072,-1.131,-0.67,5.445,-0.027,-0.016,0.13
,,,,,,,23.85,8.319,-0.094,-6.353,0.1986,-0.002,-0.152,-1.159,-0.367,6.213,-0.0277,-0.009,0.148
,,,,,,,23.9,8.284,-0.565,-5.48,0.1978,-0.013,-0.131,-1.169,-0.031,6.458,-0.0279,-7.50E-04,0.154
,,,,,,,23.95,8.237,-0.796,-1.466,0.1966,-0.019,-0.035,-1.162,0.304,6.109,-0.0277,0.007,0.146
,,,,,,,24,8.196,-0.67,2.618,0.1957,-0.016,0.062,-1.137,0.597,5.306,-0.0271,0.014,0.127
,,,,,,,24.05,8.168,-0.429,4.922,0.195,-0.01,0.117,-1.1,0.838,4.259,-0.0262,0.02,0.102
,,,,,,,24.1,8.152,-0.147,5.76,0.1946,-0.003,0.137,-1.052,1.026,3.072,-0.0251,0.024,0.073
,,,,,,,24.15,8.152,0.157,6.039,0.1946,0.004,0.144,-0.996,1.152,1.71,-0.0238,0.027,0.041
,,,,,,,24.2,8.168,0.471,4.084,0.195,0.011,0.097,-0.933,1.204,0.244,-0.0223,0.029,0.006
,,,,,,,24.25,8.2,0.764,-1.571,0.1957,0.018,-0.037,-0.873,1.173,-1.152,-0.0208,0.028,-0.027
,,,,,,,24.3,8.247,0.471,-8.866,0.1969,0.011,-0.212,-0.814,1.079,-2.374,-0.0194,0.026,-0.057
,,,,,,,24.35,8.303,-0.314,-12.776,0.1982,-0.007,-0.305,-0.763,0.932,-3.421,-0.0182,0.022,-0.082
,,,,,,,24.4,8.206,-1.11,-10.472,0.1959,-0.026,-0.25,-0.719,0.733,-4.328,-0.0172,0.017,-0.103
,,,,,,,24.45,8.146,-1.487,-5.55,0.1945,-0.035,-0.132,-0.688,0.492,-5.027,-0.0164,0.012,-0.12
,,,,,,,24.5,8.071,-1.497,-1.955,0.1927,-0.036,-0.047,-0.669,0.22,-5.48,-0.016,0.005,-0.131
,,,,,,,24.55,7.992,-1.592,-0.419,0.1908,-0.038,-0.01,-0.666,-0.063,-5.655,-0.0159,-0.001,-0.135
,,,,,,,24.6,7.911,-1.592,0.663,0.1888,-0.038,0.016,-0.675,-0.356,-5.48,-0.0161,-0.008,-0.131
,,,,,,,24.65,7.829,-1.518,2.129,0.1869,-0.036,0.051,-0.701,-0.628,-4.852,-0.0167,-0.015,-0.116
,,,,,,,24.7,7.757,-1.372,3.316,0.1852,-0.033,0.079,-0.741,-0.859,-3.805,-0.0177,-0.02,-0.091
,,,,,,,24.75,7.691,-1.173,4.224,0.1836,-0.028,0.101,-0.789,-1.016,-2.618,-0.0188,-0.024,-0.062
,,,,,,,24.8,7.637,-0.942,4.852,0.1823,-0.022,0.116,-0.845,-1.11,-1.501,-0.0202,-0.026,-0.036
,,,,,,,24.85,7.596,-0.681,5.236,0.1813,-0.016,0.125,-0.902,-1.162,-0.454,-0.0215,-0.028,-0.011
,,,,,,,24.9,7.568,-0.408,5.376,0.1807,-0.01,0.128,-0.961,-1.162,0.733,-0.0229,-0.028,0.017
,,,,,,,24.95,7.556,-0.136,5.271,0.1804,-0.003,0.126,-1.021,-1.1,2.094,-0.0244,-0.026,0.05
,,,,,,,25,7.556,0.126,4.887,0.1804,0.003,0.117,-1.074,-0.953,3.421,-0.0256,-0.023,0.082
,,,,,,,25.05,7.568,0.367,4.119,0.1807,0.009,0.098,-1.118,-0.744,4.503,-0.0267,-0.018,0.107
,,,,,,,25.1,7.593,0.555,2.897,0.1813,0.013,0.069,-1.15,-0.492,5.306,-0.0274,-0.012,0.127
,,,,,,,25.15,7.628,0.67,1.326,0.1821,0.016,0.032,-1.169,-0.209,5.864,-0.0279,-0.005,0.14
,,,,,,,25.2,7.662,0.691,-0.349,0.1829,0.016,-0.008,-1.172,0.105,6.039,-0.028,0.002,0.144
,,,,,,,25.25,7.7,0.628,-1.92,0.1838,0.015,-0.046,-1.159,0.419,5.655,-0.0277,0.01,0.135
,,,,,,,25.3,7.728,0.492,-3.211,0.1845,0.012,-0.077,-1.128,0.691,4.712,-0.0269,0.016,0.112
,,,,,,,25.35,7.75,0.293,-4.189,0.185,0.007,-0.1,-1.087,0.901,3.491,-0.0259,0.021,0.083
,,,,,,,25.4,7.76,0.063,-4.817,0.1852,0.001,-0.115,-1.037,1.037,2.269,-0.0247,0.025,0.054
,,,,,,,25.45,7.757,-0.199,-5.131,0.1852,-0.005,-0.122,-0.98,1.121,1.152,-0.0234,0.027,0.027
,,,,,,,25.5,7.741,-0.461,-5.166,0.1848,-0.011,-0.123,-0.924,1.152,0.07,-0.022,0.027,0.002
,,,,,,,25.55,7.709,-0.723,-4.992,0.184,-0.017,-0.119,-0.864,1.131,-1.117,-0.0206,0.027,-0.027
,,,,,,,25.6,7.669,-0.963,-4.747,0.1831,-0.023,-0.113,-0.807,1.047,-2.339,-0.0193,0.025,-0.056
,,,,,,,25.65,7.612,-1.194,-4.398,0.1817,-0.028,-0.105,-0.757,0.89,-3.456,-0.0181,0.021,-0.082
,,,,,,,25.7,7.549,-1.414,-3.805,0.1802,-0.034,-0.091,-0.716,0.691,-4.363,-0.0171,0.016,-0.104
,,,,,,,25.75,7.471,-1.592,-2.723,0.1783,-0.038,-0.065,-0.688,0.45,-5.027,-0.0164,0.011,-0.12
,,,,,,,25.8,7.386,-1.707,-1.222,0.1763,-0.041,-0.029,-0.669,0.178,-5.411,-0.016,0.004,-0.129
,,,,,,,25.85,7.298,-1.717,0.384,0.1742,-0.041,0.009,-0.669,-0.105,-5.411,-0.016,-0.002,-0.129
,,,,,,,25.9,7.21,-1.655,1.745,0.1721,-0.039,0.042,-0.682,-0.377,-5.061,-0.0163,-0.009,-0.121
,,,,,,,25.95,7.131,-1.529,2.723,0.1702,-0.036,0.065,-0.707,-0.618,-4.433,-0.0169,-0.015,-0.106
,,,,,,,26,7.056,-1.372,3.491,0.1684,-0.033,0.083,-0.745,-0.827,-3.56,-0.0178,-0.02,-0.085
,,,,,,,26.05,6.993,-1.183,4.189,0.1669,-0.028,0.1,-0.792,-0.984,-2.513,-0.0189,-0.023,-0.06
,,,,,,,26.1,6.937,-0.953,4.817,0.1656,-0.023,0.115,-0.845,-1.079,-1.396,-0.0202,-0.026,-0.033
,,,,,,,26.15,6.896,-0.691,5.201,0.1646,-0.016,0.124,-0.902,-1.121,-0.314,-0.0215,-0.027,-0.007
,,,,,,,26.2,6.868,-0.419,5.306,0.1639,-0.01,0.127,-0.958,-1.11,0.803,-0.0229,-0.026,0.019
,,,,,,,26.25,6.855,-0.157,5.166,0.1636,-0.004,0.123,-1.015,-1.047,2.059,-0.0242,-0.025,0.049
,,,,,,,26.3,6.852,0.105,4.747,0.1636,0.002,0.113,-1.065,-0.911,3.351,-0.0254,-0.022,0.08
,,,,,,,26.35,6.864,0.335,3.91,0.1639,0.008,0.093,-1.109,-0.702,4.468,-0.0265,-0.017,0.107
,,,,,,,26.4,6.89,0.513,2.618,0.1645,0.012,0.062,-1.137,-0.45,5.201,-0.0271,-0.011,0.124
,,,,,,,26.45,6.918,0.607,1.082,0.1651,0.014,0.026,-1.153,-0.168,5.55,-0.0275,-0.004,0.132
,,,,,,,26.5,6.952,0.618,-0.489,0.166,0.015,-0.012,-1.156,0.115,5.585,-0.0276,0.003,0.133
,,,,,,,26.55,6.984,0.555,-1.885,0.1667,0.013,-0.045,-1.14,0.398,5.271,-0.0272,0.009,0.126
,,,,,,,26.6,7.009,0.419,-3.002,0.1673,0.01,-0.072,-1.115,0.66,4.573,-0.0266,0.016,0.109
,,,,,,,26.65,7.028,0.241,-3.84,0.1678,0.006,-0.092,-1.074,0.869,3.491,-0.0256,0.021,0.083
,,,,,,,26.7,7.034,0.031,-4.433,0.1679,7.50E-04,-0.106,-1.024,1.016,2.234,-0.0244,0.024,0.053
,,,,,,,26.75,7.031,-0.209,-4.817,0.1678,-0.005,-0.115,-0.971,1.089,1.047,-0.0232,0.026,0.025
,,,,,,,26.8,7.015,-0.461,-4.922,0.1675,-0.011,-0.117,-0.914,1.11,-0.035,-0.0218,0.026,-8.33E-04
,,,,,,,26.85,6.984,-0.712,-4.782,0.1667,-0.017,-0.114,-0.858,1.089,-1.117,-0.0205,0.026,-0.027
,,,,,,,26.9,6.943,-0.942,-4.503,0.1657,-0.022,-0.107,-0.804,1.005,-2.234,-0.0192,0.024,-0.053
,,,,,,,26.95,6.89,-1.162,-4.084,0.1645,-0.028,-0.097,-0.754,0.859,-3.281,-0.018,0.02,-0.078
,,,,,,,27,6.827,-1.361,-3.456,0.163,-0.032,-0.082,-0.716,0.67,-4.119,-0.0171,0.016,-0.098
,,,,,,,27.05,6.751,-1.518,-2.583,0.1612,-0.036,-0.062,-0.688,0.44,-4.747,-0.0164,0.01,-0.113
,,,,,,,27.1,6.673,-1.623,-1.571,0.1593,-0.039,-0.037,-0.669,0.188,-5.131,-0.016,0.004,-0.122
,,,,,,,27.15,6.588,-1.676,-0.419,0.1573,-0.04,-0.01,-0.669,-0.084,-5.166,-0.016,-0.002,-0.123
,,,,,,,27.2,6.503,-1.676,0.873,0.1552,-0.04,0.021,-0.679,-0.346,-4.852,-0.0162,-0.008,-0.116
,,,,,,,27.25,6.418,-1.592,2.164,0.1532,-0.038,0.052,-0.704,-0.576,-4.259,-0.0168,-0.014,-0.102
,,,,,,,27.3,6.34,-1.445,3.246,0.1513,-0.034,0.077,-0.738,-0.775,-3.526,-0.0176,-0.018,-0.084
,,,,,,,27.35,6.274,-1.257,4.084,0.1498,-0.03,0.097,-0.782,-0.932,-2.618,-0.0187,-0.022,-0.062
,,,,,,,27.4,6.214,-1.037,4.817,0.1483,-0.025,0.115,-0.833,-1.047,-1.501,-0.0199,-0.025,-0.036
,,,,,,,27.45,6.167,-0.775,5.376,0.1472,-0.018,0.128,-0.889,-1.089,-0.279,-0.0212,-0.026,-0.007
,,,,,,,27.5,6.136,-0.482,5.55,0.1465,-0.011,0.132,-0.946,-1.068,0.908,-0.0226,-0.025,0.022
,,,,,,,27.55,6.12,-0.199,5.271,0.1461,-0.005,0.126,-0.996,-0.995,1.99,-0.0238,-0.024,0.047
,,,,,,,27.6,6.117,0.052,4.712,0.146,0.001,0.112,-1.046,-0.869,3.072,-0.025,-0.021,0.073
,,,,,,,27.65,6.126,0.272,3.944,0.1462,0.006,0.094,-1.087,-0.691,4.084,-0.0259,-0.016,0.097
,,,,,,,27.7,6.145,0.461,2.862,0.1467,0.011,0.068,-1.115,-0.45,4.852,-0.0266,-0.011,0.116
,,,,,,,27.75,6.173,0.576,1.396,0.1474,0.014,0.033,-1.134,-0.188,5.236,-0.0271,-0.004,0.125
,,,,,,,27.8,6.208,0.607,-0.314,0.1482,0.014,-0.007,-1.134,0.084,5.201,-0.0271,0.002,0.124
,,,,,,,27.85,6.236,0.545,-1.99,0.1489,0.013,-0.047,-1.125,0.346,4.817,-0.0268,0.008,0.115
,,,,,,,27.9,6.264,0.398,-3.456,0.1495,0.009,-0.082,-1.1,0.576,4.084,-0.0262,0.014,0.097
,,,,,,,27.95,6.28,0.188,-4.538,0.1499,0.004,-0.108,-1.065,0.764,3.072,-0.0254,0.018,0.073
,,,,,,,28,6.283,-0.073,-5.131,0.15,-0.002,-0.122,-1.021,0.89,1.885,-0.0244,0.021,0.045
,,,,,,,28.05,6.274,-0.346,-5.201,0.1498,-0.008,-0.124,-0.974,0.953,0.663,-0.0232,0.023,0.016
,,,,,,,28.1,6.249,-0.607,-4.852,0.1492,-0.014,-0.116,-0.924,0.953,-0.454,-0.022,0.023,-0.011
,,,,,,,28.15,6.211,-0.838,-4.363,0.1483,-0.02,-0.104,-0.877,0.901,-1.431,-0.0209,0.021,-0.034
,,,,,,,28.2,6.164,-1.037,-3.91,0.1471,-0.025,-0.093,-0.833,0.806,-2.269,-0.0199,0.019,-0.054
,,,,,,,28.25,6.107,-1.225,-3.421,0.1458,-0.029,-0.082,-0.795,0.67,-2.967,-0.019,0.016,-0.071
,,,,,,,28.3,6.041,-1.393,-2.548,0.1442,-0.033,-0.061,-0.763,0.503,-3.456,-0.0182,0.012,-0.082
,,,,,,,28.35,5.966,-1.508,-1.117,0.1424,-0.036,-0.027,-0.745,0.314,-3.665,-0.0178,0.007,-0.087
,,,,,,,28.4,5.887,-1.518,0.593,0.1405,-0.036,0.014,-0.732,0.126,-3.63,-0.0175,0.003,-0.087
,,,,,,,28.45,5.809,-1.435,2.688,0.1387,-0.034,0.064,-0.732,-0.052,-3.386,-0.0175,-0.001,-0.081
,,,,,,,28.5,5.743,-1.288,5.48,0.1371,-0.031,0.131,-0.738,-0.22,-2.967,-0.0176,-0.005,-0.071
,,,,,,,28.55,5.68,-0.932,8.273,0.1356,-0.022,0.197,-0.754,-0.356,-2.339,-0.018,-0.008,-0.056
,,,,,,,28.6,5.63,-0.377,8.936,0.1344,-0.009,0.213,-0.776,-0.461,-1.501,-0.0185,-0.011,-0.036
,,,,,,,28.65,5.642,0.136,6.109,0.1347,0.003,0.146,-0.801,-0.513,-0.559,-0.0191,-0.012,-0.013
,,,,,,,28.7,5.667,0.325,1.501,0.1353,0.008,0.036,-0.829,-0.513,0.419,-0.0198,-0.012,0.01
,,,,,,,28.75,5.683,0.199,-1.99,0.1357,0.005,-0.047,-0.855,-0.471,1.396,-0.0204,-0.011,0.033
,,,,,,,28.8,5.686,0.01,-3.037,0.1357,2.50E-04,-0.072,-0.877,-0.377,2.374,-0.0209,-0.009,0.057
,,,,,,,28.85,5.683,-0.147,-2.374,0.1357,-0.003,-0.057,-0.895,-0.23,3.246,-0.0214,-0.005,0.077
,,,,,,,28.9,5.671,-0.241,-1.117,0.1354,-0.006,-0.027,-0.902,-0.042,3.77,-0.0215,-1.00E-03,0.09
,,,,,,,28.95,5.655,-0.262,0.209,0.135,-0.006,0.005,-0.898,0.168,3.84,-0.0214,0.004,0.092
,,,,,,,29,5.642,-0.209,1.361,0.1347,-0.005,0.032,-0.886,0.356,3.526,-0.0211,0.008,0.084
,,,,,,,29.05,5.633,-0.115,2.304,0.1345,-0.003,0.055,-0.861,0.524,3.002,-0.0205,0.012,0.072
,,,,,,,29.1,5.63,0.021,3.072,0.1344,5.00E-04,0.073,-0.833,0.66,2.374,-0.0199,0.016,0.057
,,,,,,,29.15,5.633,0.199,3.595,0.1345,0.005,0.086,-0.795,0.764,1.571,-0.019,0.018,0.037
,,,,,,,29.2,5.649,0.398,3.7,0.1348,0.009,0.088,-0.754,0.827,0.593,-0.018,0.02,0.014
,,,,,,,29.25,5.674,0.586,3.386,0.1354,0.014,0.081,-0.71,0.827,-0.419,-0.0169,0.02,-0.01
,,,,,,,29.3,5.708,0.744,2.827,0.1363,0.018,0.067,-0.669,0.775,-1.222,-0.016,0.018,-0.029
,,,,,,,29.35,5.749,0.869,2.129,0.1372,0.021,0.051,-0.631,0.691,-1.745,-0.0151,0.016,-0.042
,,,,,,,29.4,5.796,0.963,1.292,0.1384,0.023,0.031,-0.6,0.597,-2.129,-0.0143,0.014,-0.051
,,,,,,,29.45,5.847,1.005,0.384,0.1396,0.024,0.009,-0.572,0.482,-2.443,-0.0136,0.011,-0.058
,,,,,,,29.5,5.9,0.995,-0.419,0.1408,0.024,-0.01,-0.55,0.346,-2.583,-0.0131,0.008,-0.062
,,,,,,,29.55,5.947,0.953,-1.012,0.142,0.023,-0.024,-0.537,0.209,-2.409,-0.0128,0.005,-0.057
,,,,,,,29.6,5.994,0.89,-1.536,0.1431,0.021,-0.037,-0.531,0.094,-1.955,-0.0127,0.002,-0.047
,,,,,,,29.65,6.038,0.806,-2.059,0.1441,0.019,-0.049,-0.528,0.01,-1.396,-0.0126,2.50E-04,-0.033
,,,,,,,29.7,6.076,0.681,-2.478,0.145,0.016,-0.059,-0.531,-0.042,-0.838,-0.0127,-1.00E-03,-0.02
,,,,,,,29.75,6.107,0.545,-2.688,0.1458,0.013,-0.064,-0.534,-0.073,-0.279,-0.0127,-0.002,-0.007
,,,,,,,29.8,6.129,0.408,-2.688,0.1463,0.01,-0.064,-0.537,-0.073,0.349,-0.0128,-0.002,0.008
,,,,,,,29.85,6.148,0.272,-2.513,0.1468,0.006,-0.06,-0.543,-0.042,1.047,-0.013,-1.00E-03,0.025
,,,,,,,29.9,6.158,0.147,-2.059,0.147,0.003,-0.049,-0.543,0.031,1.676,-0.013,7.50E-04,0.04
,,,,,,,29.95,6.161,0.052,-1.326,0.1471,0.001,-0.032,-0.54,0.136,2.129,-0.0129,0.003,0.051
,,,,,,,30,6.161,0.01,-0.454,0.1471,2.50E-04,-0.011,-0.531,0.251,2.374,-0.0127,0.006,0.057
,,,,,,,30.05,6.161,0.01,-0.454,0.1471,2.50E-04,-0.011,-0.515,0.377,2.409,-0.0123,0.009,0.057
,,,,,,,30.1,6.161,0.052,-2.234,0.1471,0.001,-0.053,-0.493,0.503,2.199,-0.0118,0.012,0.052
,,,,,,,30.15,6.164,-0.126,-8.063,0.1471,-0.003,-0.192,-0.465,0.607,1.78,-0.0111,0.014,0.042
,,,,,,,30.2,6.173,-0.524,-16.965,0.1474,-0.012,-0.405,-0.43,0.681,1.292,-0.0103,0.016,0.031
,,,,,,,30.25,6.11,-1.833,-21.468,0.1459,-0.044,-0.512,-0.396,0.733,0.803,-0.0094,0.017,0.019
,,,,,,,30.3,6.057,-3.33,-14.382,0.1446,-0.079,-0.343,-0.358,0.764,0.209,-0.0085,0.018,0.005
,,,,,,,30.35,5.73,-3.759,2.094,0.1368,-0.09,0.05,-0.317,0.764,-0.489,-0.0076,0.018,-0.012
,,,,,,,30.4,5.554,-2.911,14.242,0.1326,-0.069,0.34,-0.28,0.712,-1.117,-0.0067,0.017,-0.027
,,,,,,,30.45,5.485,-1.623,14.416,0.1309,-0.039,0.344,-0.245,0.639,-1.571,-0.0058,0.015,-0.037
,,,,,,,30.5,5.429,-1.194,7.54,0.1296,-0.028,0.18,-0.217,0.555,-1.885,-0.0052,0.013,-0.045
,,,,,,,30.55,5.369,-1.152,2.164,0.1282,-0.027,0.052,-0.188,0.45,-2.129,-0.0045,0.011,-0.051
,,,,,,,30.6,5.312,-1.121,1.152,0.1268,-0.027,0.027,-0.17,0.335,-2.199,-0.004,0.008,-0.052
,,,,,,,30.65,5.256,-1.047,1.641,0.1255,-0.025,0.039,-0.157,0.22,-2.025,-0.0037,0.005,-0.048
,,,,,,,30.7,5.206,-0.953,2.199,0.1243,-0.023,0.052,-0.148,0.126,-1.641,-0.0035,0.003,-0.039
,,,,,,,30.75,5.162,-0.827,2.688,0.1232,-0.02,0.064,-0.145,0.052,-1.082,-0.0034,0.001,-0.026
,,,,,,,30.8,5.121,-0.681,3.072,0.1222,-0.016,0.073,-0.145,0.01,-0.419,-0.0034,2.50E-04,-0.01
,,,,,,,30.85,5.093,-0.513,3.211,0.1216,-0.012,0.077,-0.145,0.01,0.279,-0.0034,2.50E-04,0.007
,,,,,,,30.9,5.071,-0.346,3.072,0.121,-0.008,0.073,-0.145,0.042,0.942,-0.0034,1.00E-03,0.022
,,,,,,,30.95,5.058,-0.199,2.653,0.1207,-0.005,0.063,-0.141,0.105,1.536,-0.0034,0.002,0.037
,,,,,,,31,5.052,-0.073,2.025,0.1206,-0.002,0.048,-0.135,0.199,2.059,-0.0032,0.005,0.049
,,,,,,,31.05,5.052,0.01,1.257,0.1206,2.50E-04,0.03,-0.123,0.314,2.478,-0.0029,0.007,0.059
,,,,,,,31.1,5.055,0.052,0.454,0.1207,0.001,0.011,-0.104,0.45,2.583,-0.0025,0.011,0.062
,,,,,,,31.15,5.058,0.052,-0.209,0.1207,0.001,-0.005,-0.079,0.597,1.745,-0.0019,0.014,0.042
,,,,,,,31.2,5.061,0.021,-0.524,0.1208,5.00E-04,-0.012,-0.044,0.691,-0.593,-0.001,0.016,-0.014
,,,,,,,31.25,5.061,-0.021,-0.244,0.1208,-5.00E-04,-0.006,-0.003,0.597,-3.735,-7.50E-05,0.014,-0.089
,,,,,,,31.3,5.058,-0.031,0.663,0.1207,-7.50E-04,0.016,0.028,0.272,-5.655,6.75E-04,0.006,-0.135
,,,,,,,31.35,5.055,0.031,1.815,0.1207,7.50E-04,0.043,0.028,-0.105,-4.747,6.75E-04,-0.002,-0.113
,,,,,,,31.4,5.058,0.168,2.583,0.1207,0.004,0.062,0.006,-0.304,-1.606,1.50E-04,-0.007,-0.038
,,,,,,,31.45,5.071,0.325,2.583,0.121,0.008,0.062,-0.013,-0.251,1.606,-3.00E-04,-0.006,0.038
,,,,,,,31.5,5.093,0.45,1.955,0.1216,0.011,0.047,-0.022,-0.063,3.177,-5.25E-04,-0.001,0.076
,,,,,,,31.55,5.118,0.524,1.152,0.1222,0.012,0.027,-0.019,0.136,2.723,-4.50E-04,0.003,0.065
,,,,,,,31.6,5.146,0.555,0.559,0.1228,0.013,0.013,-0.006,0.262,0.838,-1.50E-04,0.006,0.02
,,,,,,,31.65,5.174,0.565,0.314,0.1235,0.013,0.007,0.013,0.241,-1.292,3.00E-04,0.006,-0.031
,,,,,,,31.7,5.202,0.576,0.349,0.1242,0.014,0.008,0.025,0.084,-2.304,6.00E-04,0.002,-0.055
,,,,,,,31.75,5.231,0.597,0.489,0.1249,0.014,0.012,0.022,-0.073,-1.641,5.25E-04,-0.002,-0.039
,,,,,,,31.8,5.262,0.628,0.489,0.1256,0.015,0.012,0.009,-0.115,-0.105,2.25E-04,-0.003,-0.002
,,,,,,,31.85,5.294,0.66,0.209,0.1264,0.016,0.005,0.006,-0.052,0.942,1.50E-04,-0.001,0.022
,,,,,,,31.9,5.328,0.66,-0.873,0.1272,0.016,-0.021,0.006,0.031,0.942,1.50E-04,7.50E-04,0.022
,,,,,,,31.95,5.363,0.628,-3.072,0.128,0.015,-0.073,0.009,0.063,0.279,2.25E-04,0.001,0.007
,,,,,,,32,5.391,0.398,-5.515,0.1287,0.009,-0.132,0.016,0.052,-0.384,3.75E-04,0.001,-0.009
,,,,,,,32.05,5.419,8.88E-15,-6.458,0.1294,0,-0.154,0.016,0.01,-0.628,3.75E-04,2.50E-04,-0.015
,,,,,,,32.1,5.391,-0.367,-4.922,0.1287,-0.009,-0.117,0.016,-0.031,-0.454,3.75E-04,-7.50E-04,-0.011
,,,,,,,32.15,5.363,-0.545,-2.269,0.128,-0.013,-0.054,0.013,-0.042,-0.07,3.00E-04,-1.00E-03,-0.002
,,,,,,,32.2,5.338,-0.534,-0.314,0.1274,-0.013,-0.007,0.009,-0.031,0.209,2.25E-04,-7.50E-04,0.005
,,,,,,,32.25,5.309,-0.513,0.419,0.1267,-0.012,0.01,0.009,-0.01,0.244,2.25E-04,-2.50E-04,0.006
,,,,,,,32.3,5.284,-0.492,0.454,0.1261,-0.012,0.011,0.009,0,0.14,2.25E-04,0,0.003
,,,,,,,32.35,5.262,-0.461,0.349,0.1256,-0.011,0.008,0.009,0,0.035,2.25E-04,0,8.33E-04
,,,,,,,32.4,5.237,-0.45,0.175,0.125,-0.011,0.004,0.009,0,0,2.25E-04,0,0
,,,,,,,32.45,5.218,-0.45,-1.11E-15,0.1246,-0.011,-5.03E-16,0.009,0,0,2.25E-04,0,0
,,,,,,,32.5,5.193,-0.45,-0.035,0.124,-0.011,-8.33E-04,0.009,0,0,2.25E-04,0,0
,,,,,,,32.55,5.171,-0.461,0.07,0.1234,-0.011,0.002,0.009,0,0,2.25E-04,0,0
,,,,,,,32.6,5.149,-0.45,0.279,0.1229,-0.011,0.007,0.009,0,0,2.25E-04,0,0
,,,,,,,32.65,5.124,-0.429,0.489,0.1223,-0.01,0.012,0.009,0,0,2.25E-04,0,0
,,,,,,,32.7,5.105,-0.398,0.559,0.1219,-0.009,0.013,0.009,0,0,2.25E-04,0,0
,,,,,,,32.75,5.086,-0.367,0.559,0.1214,-0.009,0.013,0.009,0,0,2.25E-04,0,0
,,,,,,,32.8,5.067,-0.346,0.628,0.121,-0.008,0.015,0.009,0,0,2.25E-04,0,0
,,,,,,,32.85,5.052,-0.314,0.803,0.1206,-0.007,0.019,0.009,0,-0.035,2.25E-04,0,-8.33E-04
,,,,,,,32.9,5.036,-0.262,0.942,0.1202,-0.006,0.022,0.009,0,-0.105,2.25E-04,0,-0.002
,,,,,,,32.95,5.023,-0.209,0.908,0.1199,-0.005,0.022,0.009,-0.01,-0.14,2.25E-04,-2.50E-04,-0.003
,,,,,,,33,5.017,-0.168,0.803,0.1198,-0.004,0.019,0.009,-0.021,-0.07,2.25E-04,-5.00E-04,-0.002
,,,,,,,33.05,5.008,-0.136,0.803,0.1195,-0.003,0.019,0.006,-0.021,0.07,1.50E-04,-5.00E-04,0.002
,,,,,,,33.1,5.001,-0.094,0.838,0.1194,-0.002,0.02,0.006,-0.01,0.105,1.50E-04,-2.50E-04,0.002
,,,,,,,33.15,4.998,-0.042,0.803,0.1193,-1.00E-03,0.019,0.006,0,1.21E-15,1.50E-04,0,3.09E-17
,,,,,,,33.2,4.998,-0.01,0.698,0.1193,-2.50E-04,0.017,0.006,-0.01,-0.105,1.50E-04,-2.50E-04,-0.002
,,,,,,,33.25,4.998,0.021,0.628,0.1193,5.00E-04,0.015,0.006,-0.021,-0.105,1.50E-04,-5.00E-04,-0.002
,,,,,,,33.3,4.998,0.052,0.628,0.1193,0.001,0.015,0.003,-0.021,-0.035,7.50E-05,-5.00E-04,-8.33E-04
,,,,,,,33.35,5.005,0.084,0.628,0.1195,0.002,0.015,0.003,-0.021,-2.46E-15,7.50E-05,-5.00E-04,-6.07E-17
,,,,,,,33.4,5.008,0.115,0.663,0.1195,0.003,0.016,0.003,-0.021,-3.47E-17,7.50E-05,-5.00E-04,-1.08E-18
,,,,,,,33.45,5.014,0.147,0.698,0.1197,0.003,0.017,3.03E-16,-0.021,-3.47E-17,7.23E-18,-5.00E-04,2.17E-18
,,,,,,,33.5,5.023,0.188,0.698,0.1199,0.004,0.017,3.03E-16,-0.021,0,7.23E-18,-5.00E-04,2.17E-18
,,,,,,,33.55,5.033,0.22,0.663,0.1201,0.005,0.016,3.03E-16,-0.021,-2.46E-15,7.23E-18,-5.00E-04,-6.07E-17
,,,,,,,33.6,5.045,0.251,0.593,0.1204,0.006,0.014,-0.003,-0.021,3.47E-17,-7.50E-05,-5.00E-04,-2.17E-18
,,,,,,,33.65,5.058,0.283,0.454,0.1207,0.007,0.011,-0.003,-0.021,-0.035,-7.50E-05,-5.00E-04,-8.33E-04
,,,,,,,33.7,5.074,0.304,0.244,0.1211,0.007,0.006,-0.003,-0.021,-0.07,-7.50E-05,-5.00E-04,-0.002
,,,,,,,33.75,5.089,0.304,0.07,0.1215,0.007,0.002,-0.006,-0.031,-0.035,-1.50E-04,-7.50E-04,-8.33E-04
,,,,,,,33.8,5.105,0.304,1.31E-13,0.1219,0.007,3.57E-15,-0.006,-0.031,0.07,-1.50E-04,-7.50E-04,0.002
,,,,,,,33.85,5.118,0.304,-0.035,0.1222,0.007,-8.33E-04,-0.009,-0.021,0.175,-2.25E-04,-5.00E-04,0.004
,,,,,,,33.9,5.137,0.304,-0.14,0.1226,0.007,-0.003,-0.009,-0.01,0.209,-2.25E-04,-2.50E-04,0.005
,,,,,,,33.95,5.149,0.293,-0.244,0.1229,0.007,-0.006,-0.009,0,0.244,-2.25E-04,0,0.006
,,,,,,,34,5.165,0.272,-0.279,0.1233,0.006,-0.007,-0.009,0.01,0.279,-2.25E-04,2.50E-04,0.007
,,,,,,,34.05,5.177,0.262,-0.244,0.1236,0.006,-0.006,-0.009,0.031,0.209,-2.25E-04,7.50E-04,0.005
,,,,,,,34.1,5.19,0.251,-0.209,0.1239,0.006,-0.005,-0.006,0.042,1.04E-16,-1.50E-04,1.00E-03,1.08E-18
,,,,,,,34.15,5.202,0.241,-0.209,0.1242,0.006,-0.005,-0.003,0.031,-0.209,-7.50E-05,7.50E-04,-0.005
,,,,,,,34.2,5.215,0.23,-0.209,0.1245,0.005,-0.005,-0.003,0.01,-0.244,-7.50E-05,2.50E-04,-0.006
,,,,,,,34.25,5.224,0.22,-0.209,0.1247,0.005,-0.005,-0.003,0,-0.14,-7.50E-05,0,-0.003
,,,,,,,34.3,5.237,0.209,-0.209,0.125,0.005,-0.005,-0.003,0,-0.035,-7.50E-05,0,-8.33E-04
,,,,,,,34.35,5.246,0.199,-0.14,0.1252,0.005,-0.003,-0.003,0,0,-7.50E-05,0,0
,,,,,,,34.4,5.256,0.188,0.035,0.1255,0.004,8.33E-04,-0.003,0,0,-7.50E-05,0,0
,,,,,,,34.45,5.265,0.199,0.244,0.1257,0.005,0.006,-0.003,0,0,-7.50E-05,0,0
,,,,,,,34.5,5.275,0.22,0.349,0.1259,0.005,0.008,-0.003,0,0,-7.50E-05,0,0
,,,,,,,34.55,5.287,0.241,0.279,0.1262,0.006,0.007,-0.003,0,0,-7.50E-05,0,0
,,,,,,,34.6,5.3,0.251,0.175,0.1265,0.006,0.004,-0.003,0,0,-7.50E-05,0,0
,,,,,,,34.65,5.312,0.251,0.175,0.1268,0.006,0.004,-0.003,0,-0.035,-7.50E-05,0,-8.33E-04
,,,,,,,34.7,5.325,0.262,0.244,0.1271,0.006,0.006,-0.003,0,-0.105,-7.50E-05,0,-0.002
,,,,,,,34.75,5.338,0.283,0.244,0.1274,0.007,0.006,-0.003,-0.01,-0.14,-7.50E-05,-2.50E-04,-0.003
,,,,,,,34.8,5.353,0.293,0.14,0.1278,0.007,0.003,-0.003,-0.021,-0.105,-7.50E-05,-5.00E-04,-0.002
,,,,,,,34.85,5.369,0.293,-1.71,0.1282,0.007,-0.041,-0.006,-0.021,-0.035,-1.50E-04,-5.00E-04,-8.33E-04
,,,,,,,34.9,5.382,0.293,-5.585,0.1285,0.007,-0.133,-0.006,-0.021,2.50E-15,-1.50E-04,-5.00E-04,5.86E-17
,,,,,,,34.95,5.397,-0.23,-8.412,0.1288,-0.005,-0.201,-0.006,-0.021,0.035,-1.50E-04,-5.00E-04,8.33E-04
,,,,,,,35,5.413,-0.859,-6.353,0.1292,-0.02,-0.152,-0.009,-0.021,0.14,-2.25E-04,-5.00E-04,0.003
,,,,,,,35.05,5.268,-1.079,-0.035,0.1258,-0.026,-8.33E-04,-0.009,-0.01,0.244,-2.25E-04,-2.50E-04,0.006
,,,,,,,35.1,5.253,-0.764,4.259,0.1254,-0.018,0.102,-0.009,0.01,0.244,-2.25E-04,2.50E-04,0.006
,,,,,,,35.15,5.234,-0.335,4.049,0.1249,-0.008,0.097,-0.009,0.021,0.105,-2.25E-04,5.00E-04,0.002
,,,,,,,35.2,5.218,-0.325,1.676,0.1246,-0.008,0.04,-0.006,0.021,-0.07,-1.50E-04,5.00E-04,-0.002
,,,,,,,35.25,5.202,-0.304,0.244,0.1242,-0.007,0.006,-0.006,0.01,-0.14,-1.50E-04,2.50E-04,-0.003
,,,,,,,35.3,5.187,-0.293,0.14,0.1238,-0.007,0.003,-0.006,0,-0.105,-1.50E-04,0,-0.002
,,,,,,,35.35,5.174,-0.293,0.035,0.1235,-0.007,8.33E-04,-0.006,0,-0.035,-1.50E-04,0,-8.33E-04
,,,,,,,35.4,5.158,-0.293,0.035,0.1231,-0.007,8.33E-04,-0.006,0,0,-1.50E-04,0,0
,,,,,,,35.45,5.143,-0.293,0.07,0.1228,-0.007,0.002,-0.006,0,0,-1.50E-04,0,0
,,,,,,,35.5,5.13,-0.283,0.07,0.1225,-0.007,0.002,-0.006,0,0,-1.50E-04,0,0
,,,,,,,35.55,5.115,-0.283,0.07,0.1221,-0.007,0.002,-0.006,0,0,-1.50E-04,0,0
,,,,,,,35.6,5.102,-0.283,0.07,0.1218,-0.007,0.002,-0.006,0,0,-1.50E-04,0,0
,,,,,,,35.65,5.086,-0.272,0.07,0.1214,-0.006,0.002,-0.006,0,0,-1.50E-04,0,0
,,,,,,,35.7,5.074,-0.272,0.035,0.1211,-0.006,8.33E-04,-0.006,0,0,-1.50E-04,0,0
,,,,,,,35.75,5.061,-0.272,0.035,0.1208,-0.006,8.33E-04,-0.006,0,0,-1.50E-04,0,0
,,,,,,,35.8,5.045,-0.272,0.105,0.1204,-0.006,0.002,-0.006,0,0,-1.50E-04,0,0
,,,,,,,35.85,5.033,-0.262,0.14,0.1201,-0.006,0.003,-0.006,0,0,-1.50E-04,0,0
,,,,,,,35.9,5.02,-0.251,0.105,0.1198,-0.006,0.002,-0.006,0,0,-1.50E-04,0,0
,,,,,,,35.95,5.008,-0.251,0.035,0.1195,-0.006,8.33E-04,-0.006,0,0,-1.50E-04,0,0
,,,,,,,36,4.995,-0.251,-3.00E-14,0.1192,-0.006,-7.03E-16,-0.006,0,0,-1.50E-04,0,0
,,,,,,,36.05,4.983,-0.251,-0.035,0.1189,-0.006,-8.33E-04,-0.006,0,0,-1.50E-04,0,0
,,,,,,,36.1,4.97,-0.251,-0.105,0.1186,-0.006,-0.002,-0.006,0,0,-1.50E-04,0,0
,,,,,,,36.15,4.957,-0.262,-0.14,0.1183,-0.006,-0.003,-0.006,0,0,-1.50E-04,0,0
,,,,,,,36.2,4.945,-0.272,-0.07,0.118,-0.006,-0.002,-0.006,0,0.035,-1.50E-04,0,8.33E-04
,,,,,,,36.25,4.929,-0.272,0.07,0.1177,-0.006,0.002,-0.006,0,0.105,-1.50E-04,0,0.002
,,,,,,,36.3,4.917,-0.262,0.14,0.1174,-0.006,0.003,-0.006,0.01,0.14,-1.50E-04,2.50E-04,0.003
,,,,,,,36.35,4.904,-0.251,0.105,0.1171,-0.006,0.002,-0.006,0.021,0.07,-1.50E-04,5.00E-04,0.002
,,,,,,,36.4,4.891,-0.251,0.035,0.1168,-0.006,8.33E-04,-0.003,0.021,-0.07,-7.50E-05,5.00E-04,-0.002
,,,,,,,36.45,4.879,-0.251,0,0.1165,-0.006,0,-0.003,0.01,-0.14,-7.50E-05,2.50E-04,-0.003
,,,,,,,36.5,4.866,-0.251,-5.94E-14,0.1162,-0.006,0,-0.003,0,-0.105,-7.50E-05,0,-0.002
,,,,,,,36.55,4.854,-0.251,-3.00E-14,0.1159,-0.006,-7.03E-16,-0.003,0,-0.035,-7.50E-05,0,-8.33E-04
,,,,,,,36.6,4.841,-0.251,2.94E-14,0.1156,-0.006,-7.03E-16,-0.003,0,0,-7.50E-05,0,0
,,,,,,,36.65,4.829,-0.251,0,0.1153,-0.006,0,-0.003,0,0,-7.50E-05,0,0
,,,,,,,36.7,4.816,-0.251,-5.88E-14,0.115,-0.006,0,-0.003,0,0,-7.50E-05,0,0
,,,,,,,36.75,4.803,-0.251,0,0.1147,-0.006,0,-0.003,0,0,-7.50E-05,0,0
,,,,,,,36.8,4.791,-0.251,0.035,0.1144,-0.006,8.33E-04,-0.003,0,0,-7.50E-05,0,0
,,,,,,,36.85,4.778,-0.251,0.105,0.1141,-0.006,0.002,-0.003,0,0,-7.50E-05,0,0
,,,,,,,36.9,4.766,-0.241,0.14,0.1138,-0.006,0.003,-0.003,0,0,-7.50E-05,0,0
,,,,,,,36.95,4.753,-0.23,0.105,0.1135,-0.005,0.002,-0.003,0,0,-7.50E-05,0,0
,,,,,,,37,4.744,-0.23,0.035,0.1132,-0.005,8.33E-04,-0.003,0,0,-7.50E-05,0,0
,,,,,,,37.05,4.731,-0.23,0.035,0.1129,-0.005,8.33E-04,-0.003,0,0,-7.50E-05,0,0
,,,,,,,37.1,4.719,-0.23,0.07,0.1126,-0.005,0.002,-0.003,0,0,-7.50E-05,0,0
,,,,,,,37.15,4.709,-0.22,0.07,0.1124,-0.005,0.002,-0.003,0,0,-7.50E-05,0,0
,,,,,,,37.2,4.697,-0.22,0.035,0.1121,-0.005,8.33E-04,-0.003,0,0,-7.50E-05,0,0
,,,,,,,37.25,4.687,-0.22,-8.88E-14,0.1119,-0.005,9.11E-16,-0.003,0,0,-7.50E-05,0,0
,,,,,,,37.3,4.675,-0.22,0.035,0.1116,-0.005,8.33E-04,-0.003,0,0,-7.50E-05,0,0
,,,,,,,37.35,4.665,-0.22,0.07,0.1114,-0.005,0.002,-0.003,0,0,-7.50E-05,0,0
,,,,,,,37.4,4.653,-0.209,0.105,0.1111,-0.005,0.002,-0.003,0,0,-7.50E-05,0,0
,,,,,,,37.45,4.643,-0.209,0.105,0.1108,-0.005,0.002,-0.003,0,0,-7.50E-05,0,0
,,,,,,,37.5,4.634,-0.199,0.07,0.1106,-0.005,0.002,-0.003,0,0,-7.50E-05,0,0
,,,,,,,37.55,4.621,-0.199,0.035,0.1103,-0.005,8.33E-04,-0.003,0,0,-7.50E-05,0,0
,,,,,,,37.6,4.615,-0.199,-6.11E-15,0.1102,-0.005,1.02E-15,-0.003,0,0,-7.50E-05,0,0
,,,,,,,37.65,4.602,-0.199,0.07,0.1099,-0.005,0.002,-0.003,0,0,-7.50E-05,0,0
,,,,,,,37.7,4.593,-0.199,0.175,0.1096,-0.005,0.004,-0.003,0,0,-7.50E-05,0,0
,,,,,,,37.75,4.584,-0.178,0.244,0.1094,-0.004,0.006,-0.003,0,0,-7.50E-05,0,0
,,,,,,,37.8,4.574,-0.168,,0.1092,-0.004,,-0.003,0,,-7.50E-05,0,
,,,,,,,37.85,4.568,-0.157,,0.109,-0.004,,-0.003,0,,-7.50E-05,0,
,,,,,,,37.9,4.558,,,0.1088,,,-0.003,,,-7.50E-05,,
