Time,Voltage,Controller
0,465,0
200,465,0
401,465,0
602,465,0
802,465,0
1002,465,0
1203,464,0
1403,465,0
1604,465,0
1805,465,0
2006,465,0
2206,465,0
2407,465,0
2608,465,0
2808,465,0
3009,465,0
3210,467,0
3410,465,0
3611,467,0
3812,465,1
4013,465,0
4213,465,0
4414,465,0
4615,465,0
4815,465,0
5016,465,0
5217,465,100
5417,465,642
5618,465,1022
5819,466,1023
6021,467,1023
6221,466,1023
6422,466,1023
6623,468,1023
6823,467,1021
7024,467,1023
7225,467,1023
7426,467,1023
7626,468,1022
7828,468,1023
8029,467,1023
8229,469,1022
8430,469,1023
8631,469,1023
8832,469,1023
9032,470,1022
9233,470,1023
9434,470,1023
9635,471,1023
9836,471,1023
10037,471,1023
10237,471,1023
10438,472,1023
10639,471,1023
10840,472,1023
11041,472,1023
11242,473,1023
11443,473,1022
11643,473,1023
11844,474,1023
12045,474,1023
12247,476,1022
12447,475,1022
12648,475,1022
12849,475,1023
13049,475,1022
13250,478,1023
13451,476,1023
13652,476,1022
13853,476,1023
14054,477,1021
14255,478,1023
14455,478,1023
14656,478,1023
14858,477,1023
15058,479,1023
15259,478,1023
15460,479,1023
15661,479,1023
15861,479,1023
16063,480,1023
16264,480,1021
16464,480,1022
16665,483,1023
16866,481,1023
17067,484,1023
17267,481,1023
17469,482,1023
17670,482,1023
17870,483,1023
18071,483,1023
18272,483,1021
18472,483,1023
18674,484,1023
18875,484,1019
19076,486,1023
19276,484,1023
19477,485,1023
19678,485,1023
19878,485,1023
20080,485,1023
20281,486,1023
20482,486,1023
20682,486,1022
20883,487,1023
21084,487,1023
21285,487,1022
21486,487,1021
21687,487,1023
21888,488,1023
22088,487,1023
22289,487,1023
22490,488,1023
22691,490,1023
22892,489,1023
23093,489,1023
23293,489,1022
23494,489,1023
23695,490,1023
23897,490,1023
24097,490,1022
24298,490,1022
24499,490,1023
24699,491,1023
24900,490,1023
25102,491,1023
25303,491,1023
25503,490,1023
25704,492,1023
25905,492,1023
26105,492,1021
26306,492,1023
26508,492,1023
26708,493,1023
26909,492,1023
27110,493,1023
27311,493,1021
27511,492,1023
27713,494,1023
27914,493,1023
28114,493,1023
28315,494,1023
28516,494,1023
28717,494,1022
28918,496,1023
29119,494,1023
29320,495,1023
29520,495,1023
29721,495,1022
29922,495,1023
30123,497,1023
30324,495,1023
30525,495,1023
30726,495,1023
30926,496,1023
31127,496,1022
31328,496,1021
31529,496,1023
31730,497,1022
31931,497,1023
32132,497,1023
32332,497,1021
32533,497,1021
32734,497,1023
32935,497,1023
33136,497,1023
33337,498,1023
33538,498,1023
33738,498,1023
33939,498,1023
34141,498,1023
34341,497,1023
34542,499,1023
34743,499,1023
34944,499,1023
35144,499,1021
35346,499,1023
35547,499,1021
35747,499,1022
35948,498,1023
36149,500,1023
36349,500,1023
36550,499,1023
36752,500,1023
36953,500,1023
37153,500,1023
37354,500,1022
37555,500,1023
37755,500,1022
37957,500,1023
38158,501,1023
38359,501,1022
38559,500,1023
38760,503,1023
38961,501,1023
39162,501,1023
39363,501,1021
39564,501,1023
39764,501,1023
39965,501,1022
40166,501,1023
40367,501,1023
40568,501,1023
40769,500,1023
40970,502,1023
41170,501,1023
41371,503,1023
41572,502,1023
41774,502,1023
41974,502,1023
42175,501,1023
42376,502,1023
42576,502,1023
42777,502,1021
42979,502,1022
43180,504,1023
43380,503,1023
43581,504,1021
43782,503,1022
43982,502,1023
44183,503,1023
44385,503,1023
44585,503,1023
44786,503,1023
44987,503,1022
45188,503,1023
45388,503,1023
45590,504,1022
45791,503,1022
45991,504,1022
46192,502,1023
46393,504,1023
46594,504,1023
46795,504,1023
46996,504,1022
47197,504,1023
47397,504,1023
47598,504,1023
47799,504,1023
48000,504,1023
48201,504,1022
48402,504,1022
48603,505,1023
48803,505,1023
49004,505,1023
49205,505,1023
49406,505,1023
49607,505,1023
49808,504,1023
50009,505,1023
50209,505,1023
50410,505,1023
50612,505,1023
50812,505,1023
51013,505,1022
51214,505,1023
51415,505,1023
51615,505,1023
51816,505,1023
52018,505,1022
52218,506,1023
52419,505,1023
52620,505,1023
52820,505,1023
53021,505,1023
53223,506,1023
53424,506,1023
53624,506,1021
53825,506,1023
54026,508,1023
54226,506,1023
54428,506,1023
54629,506,1023
54830,506,1023
55030,506,1023
55231,506,1023
55432,506,1023
55632,506,1023
55834,507,1023
56035,507,1023
56236,507,1023
56436,507,1023
56637,507,1023
56838,506,1023
57039,507,1022
57240,507,1023
57441,507,1023
57641,507,1023
57842,507,1023
58043,507,1023
58245,507,1023
58445,507,1023
58646,507,1023
58847,507,1023
59047,507,1023
59248,507,1023
59449,507,1022
59651,506,1023
59851,508,1023
60052,508,1019
60253,510,1023
60453,508,1022
60654,508,1023
60856,508,1023
61057,508,1023
61257,508,1023
61458,508,1023
61659,508,1023
61859,509,1023
62061,508,1022
62262,509,1023
62462,508,1023
62663,508,1023
62864,508,1023
63065,508,1022
63265,508,1022
63467,508,1022
63668,508,1023
63868,508,1023
64069,508,1023
64270,508,1022
64471,508,1023
64672,509,1023
64873,508,1023
65074,508,1023
65274,509,1022
65475,509,1023
65676,509,1022
65878,509,1022
66078,508,1023
66279,509,1023
66480,509,1023
66680,509,1023
66881,509,1023
67082,509,1023
67283,509,1023
67484,509,1022
67685,509,1023
67886,509,1023
68086,509,1023
68287,509,1023
68489,509,1023
68689,509,1023
68890,509,1021
69091,509,1023
69292,510,1023
69492,509,1022
69694,509,1023
69895,509,1023
70095,509,1023
70296,509,1022
70497,509,1022
70697,509,1022
70898,509,1023
71100,509,1023
71301,509,1023
71501,509,1023
71702,510,1023
71903,510,1023
72103,509,1023
72305,509,1023
72506,509,1022
72707,509,1023
72907,510,1021
73108,510,1023
73309,511,1022
73510,510,1023
73711,510,1023
73912,510,1023
74113,510,1023
74313,510,1023
74514,510,1023
74716,510,1023
74916,510,1023
75117,510,1023
75318,510,1023
75518,510,1022
75719,510,1023
75920,510,1023
76122,510,1023
76322,510,1023
76523,511,1022
76724,510,1023
76924,510,1023
77125,510,1023
77327,511,1023
77528,510,1023
77728,510,1023
77929,510,1023
78130,510,1023
78330,510,1023
78532,512,1023
78733,510,1022
78934,512,1022
79134,510,1023
79335,510,1023
79536,510,1022
79736,510,1023
79938,510,1023
80139,510,1023
80339,510,1022
80540,511,1022
80741,511,1023
80942,511,1023
81143,511,1023
81344,510,1023
81545,511,1023
81745,511,1023
81946,510,1023
82147,510,1023
82349,511,1022
82549,511,1023
82750,511,1023
82951,511,1023
83151,511,1023
83352,511,1023
83554,511,1022
83755,511,1023
83955,512,1022
84156,511,1022
84357,511,1023
84557,511,1023
84758,511,1023
84960,511,1023
85160,511,1023
85361,511,1023
85562,511,1023
85763,511,1023
85963,511,1023
86165,511,1022
86366,511,1023
86566,511,1023
86767,511,1023
86968,511,1023
87169,512,1023
87370,511,1023
87571,512,1023
87772,512,1023
87972,512,1023
88173,512,1023
88374,512,1022
88574,511,1023
88776,511,1023
88977,511,1023
89178,512,1022
89378,512,1023
89579,512,1023
89780,512,1023
89981,512,1023
90182,511,1023
90383,511,1023
90584,512,1023
90784,512,1023
90985,512,1023
91187,512,1023
91387,512,1023
91588,512,1023
91789,512,1021
91990,512,1023
92190,512,1023
92392,512,1022
92593,512,1023
92793,514,1023
92994,512,1023
93195,512,1023
93395,512,1023
93596,512,1023
93798,512,1023
93999,512,1023
94199,512,1023
94400,512,1023
94601,512,1023
94801,512,1023
95003,512,1023
95204,512,1023
95405,512,1023
95605,512,1023
95806,512,1022
96007,512,1023
96208,512,1022
96409,512,1023
96610,512,1023
96811,512,1022
97011,513,1023
97212,512,1023
97413,513,1023
97614,513,1023
97815,513,1023
98016,513,1023
98216,513,1023
98417,513,1023
98618,513,1023
98820,513,1022
99020,513,1023
99221,513,1023
99422,513,1023
99622,513,1023
99823,513,1022
100025,513,1022
100226,513,1023
100426,513,1023
100627,513,1022
100828,513,1023
101029,513,1023
101230,513,1023
101431,513,1023
101632,513,1023
101832,513,1023
102034,513,1023
102235,512,1023
102435,513,1023
102636,513,1023
102837,513,1022
103038,513,1023
103239,513,1023
103440,513,1023
103641,515,1023
103841,513,1023
104043,512,1023
104244,513,1023
104444,513,1023
104645,513,1023
104846,513,1023
105048,513,1021
105248,513,1023
105449,513,1023
105650,513,1023
105850,513,1023
106052,513,1022
106253,513,1023
106454,513,1023
106654,513,1023
106855,513,1023
107057,513,1022
107257,513,1023
107458,513,1023
107659,512,1022
107859,513,1023
108061,513,1023
108262,513,1023
108463,513,1023
108663,513,1023
108864,513,1023
109066,513,1021
109266,513,1023
109467,513,1023
109668,512,1023
109869,513,1023
110070,513,1023
110271,513,1023
110472,513,1023
110672,513,1023
110873,513,1022
111075,513,1023
111276,514,1023
111476,513,1023
111677,513,1023
111878,513,1023
112079,513,1023
112280,513,1023
112481,514,1022
112681,513,1023
112882,513,1023
113084,515,1023
113285,513,1022
113485,513,1023
113686,513,1023
113887,513,1023
114088,514,1023
114289,513,1023
114490,515,1023
114691,513,1023
114891,513,1023
115093,513,1023
115294,513,1023
115494,513,1023
115695,514,1023
115896,513,1022
116098,513,1023
116298,513,1023
116499,513,1022
116700,514,1022
116900,513,1023
117102,514,1023
117303,514,1023
117504,514,1023
117704,514,1022
117905,514,1023
118107,514,1023
118307,514,1023
118508,514,1022
118709,514,1023
118909,514,1023
119111,514,1023
119312,514,1023
119513,514,1023
119713,514,1023
119914,514,1023
120116,514,1023
120316,514,1021
120517,514,1023
120718,514,1023
120919,514,1023
121120,514,1023
121321,514,1023
121522,514,1023
121722,514,1023
121923,514,1022
122125,514,1022
122326,514,1023
122526,514,1023
122727,514,1022
122928,514,1023
123129,514,1023
123330,514,1022
123531,514,1023
123731,514,1023
123932,514,1023
124134,513,1022
124335,514,1023
124535,514,1023
124736,514,1023
124937,514,1023
125138,514,1023
125339,514,1023
125540,515,1023
125741,514,1023
125941,514,1021
126143,514,1023
126344,514,1023
126544,514,1023
126745,515,1022
126946,514,1023
127148,514,1023
127348,514,1023
127549,514,1023
127750,514,1023
127950,514,1023
128152,514,1022
128353,514,1023
128553,514,1023
128754,514,1023
128955,514,1022
129157,514,1023
129357,514,1023
129558,514,1023
129759,514,1023
129959,514,1023
130161,513,1023
130362,513,1022
130563,514,1023
130763,514,1023
130964,516,1022
131166,514,1023
131366,516,1023
131567,514,1023
131768,514,1023
131969,514,1023
132170,514,1023
132371,514,1023
132572,514,1023
132772,514,1022
132973,514,1022
133175,514,1023
133376,514,1023
133576,514,1023
133777,514,1023
133978,514,1023
134179,514,1022
134380,514,1023
134581,514,1023
134781,514,1023
134982,514,1023
135184,514,1023
135385,514,1023
135585,514,1023
135786,514,1022
135987,514,1023
136188,514,1023
136389,514,1023
136590,514,1023
136791,514,1022
136991,514,1023
137193,514,1023
137394,514,1023
137594,514,1023
137795,514,1022
137996,514,1023
138198,514,1023
138398,515,1023
138599,514,1023
138800,513,1023
139000,514,1023
139202,514,1023
139403,514,1023
139603,514,1022
139804,514,1023
140005,514,1022
140207,516,1023
140407,514,1023
140608,514,1023
140809,514,1023
141009,514,1023
141211,514,1023
141412,514,1023
141613,515,1023
141813,514,1022
142014,514,1022
142216,514,1023
142416,516,1023
142617,515,1023
142818,514,1023
143019,515,1023
143220,515,1023
143421,514,1023
143622,514,1023
143822,515,1023
144023,516,1023
144225,514,1022
144425,514,1023
144626,515,1023
144827,514,1023
145028,514,1023
145229,514,1023
145430,515,1023
145631,515,1023
145831,515,1023
146032,514,1023
146234,514,1023
146435,514,1023
146635,514,1023
146836,515,1023
147037,514,1023
147238,515,1023
147439,515,1023
147640,515,1022
147841,517,1023
148041,514,1023
148243,515,1021
148444,515,1023
148644,515,1023
148845,514,1023
149046,515,1023
149248,515,1023
149448,515,1023
149649,514,1023
149850,515,1023
150050,515,1023
150252,515,1023
150453,515,1023
150653,515,1023
150854,515,1023
151055,515,1021
151257,514,1023
151457,515,1023
151658,515,1023
151859,515,1023
152059,515,1023
152261,515,1023
152462,515,1023
152663,515,1022
152863,515,1023
153064,515,1023
153266,515,1023
153466,515,1023
153667,515,1023
153868,515,1023
154068,515,1022
154270,515,1023
154471,515,1023
154672,515,1023
154872,515,1023
155073,515,1023
155275,515,1023
155475,515,1023
155676,514,1022
155877,515,1023
156078,514,1023
156279,515,1022
156480,515,1023
156681,515,1023
156881,515,1023
157082,515,1023
157284,517,1022
157485,515,1023
157685,515,1023
157886,515,1023
158087,515,1023
158288,515,1023
158489,515,1023
158690,515,1023
158891,515,1023
159092,515,1023
159293,515,1023
159494,515,1023
159694,515,1022
159895,515,1023
160097,515,1023
160297,515,1023
160498,515,1023
160699,515,1023
160900,515,1023
161101,515,1023
161302,515,1023
161503,515,1022
161703,515,1023
161904,515,1023
162106,515,1022
162307,515,1022
162507,515,1023
162708,514,1023
162909,515,1023
163110,515,1022
163311,515,1023
163512,515,1023
163713,515,1021
163913,515,1022
164115,515,1023
164316,515,1022
164516,515,1023
164717,515,1023
164918,515,1023
165120,515,1023
165320,515,1023
165521,515,1023
165722,515,1022
165922,515,1022
166124,515,1023
166325,515,1023
166525,515,1023
166726,515,1022
166927,514,1023
167129,515,1023
167329,515,1023
167530,515,1022
167731,515,1023
167931,515,1023
168133,515,1023
168334,515,1023
168535,515,1022
168735,515,1023
168936,515,1023
169138,515,1022
169338,515,1023
169539,515,1023
169740,515,1023
169940,515,1023
170142,515,1023
170343,515,1023
170544,515,1023
170744,515,1021
170945,515,1023
171147,515,1022
171347,515,1023
171548,517,1023
171749,515,1023
171950,515,1022
172151,515,1023
172352,515,1023
172553,516,1023
172753,515,1023
172954,516,1023
173156,515,1023
173357,515,1023
173557,515,1022
173758,515,1023
173959,515,1023
174160,515,1023
174361,516,1023
174562,516,1023
174763,515,1023
174963,515,1023
175165,515,1023
175366,515,1022
175566,516,1021
175767,515,1023
175968,516,1023
176169,515,1023
176370,516,1023
176571,516,1023
176772,516,1023
176972,515,1023
177174,516,1021
177375,515,1023
177575,517,1023
177776,516,1023
177977,516,1022
178179,516,1023
178379,516,1023
178580,515,1023
178781,518,1023
178981,516,1022
179183,516,1023
179384,516,1023
179585,516,1023
179785,516,1023
179986,516,1023
180188,516,1023
180388,516,1023
180589,516,1023
180790,516,1023
180990,516,1022
181192,516,1023
181393,516,1023
181594,516,1023
181794,516,1023
181995,516,1023
182197,516,1023
182397,516,1022
182598,516,1023
182799,516,1022
183000,516,1023
183201,516,1023
183402,515,1022
183603,516,1023
183803,516,1023
184004,516,1022
184206,516,1023
184407,516,1023
184607,516,1023
184808,516,1023
185009,516,1023
185210,516,1023
185411,516,1023
185612,516,1023
185812,516,1022
186013,516,1023
186215,516,1022
186416,516,1023
186616,516,1023
186817,516,1022
187018,515,1023
187219,516,1023
187420,516,1023
187621,516,1023
187822,516,1023
188022,516,1023
188224,516,1023
188425,516,1023
188625,516,1023
188826,516,1022
189027,518,1023
189229,516,1023
189429,516,1023
189630,516,1023
189831,516,1023
190031,516,1023
190233,516,1023
190434,515,1022
190635,516,1023
190835,516,1023
191036,517,1023
191238,516,1023
191438,516,1023
191639,516,1023
191840,516,1022
192040,516,1023
192242,515,1023
192443,516,1023
192644,516,1022
192844,516,1023
193045,516,1023
193247,516,1023
193447,516,1023
193648,516,1023
193849,516,1023
194050,516,1023
194251,516,1023
194452,516,1023
194653,516,1022
194853,516,1023
195054,516,1021
195256,516,1023
195457,515,1023
195657,516,1023
195858,516,1023
196059,516,1023
196260,516,1022
196461,516,1023
196662,516,1022
196862,516,1023
197063,516,1023
197265,516,1023
197466,515,1022
197666,516,1023
197867,517,1023
198068,516,1022
198269,516,1023
198470,516,1023
198671,516,1023
198872,516,1023
199072,516,1023
199274,516,1023
199475,516,1023
199675,516,1023
199876,516,1023
200077,516,1023
200279,516,1023
200479,516,1023
200680,516,1022
200881,516,1023
201081,516,1023
201283,516,1023
201484,516,1023
201684,516,1023
201885,516,1023
202086,516,1023
202288,516,1023
202488,516,1023
202689,516,1023
202890,516,1023
203090,516,1023
203292,516,1023
203493,516,1023
203694,516,1023
203894,516,1023
204096,517,1023
204297,516,1023
204497,516,1023
204698,516,1022
204899,516,1023
205101,516,1022
205301,516,1023
205502,516,1023
205703,517,1022
205903,516,1023
206105,517,1023
206306,516,1023
206507,516,1023
206707,516,1023
206908,517,1023
207110,515,1023
207310,516,1023
207511,517,1023
207712,516,1022
207912,516,1023
208114,517,1023
208315,516,1023
208516,516,1022
208716,517,1023
208917,515,1023
209119,516,1023
209319,516,1023
209520,517,1022
209721,516,1023
209922,517,1023
210123,517,1023
210324,517,1023
210525,516,1023
210725,516,1023
210926,517,1023
211128,516,1023
211329,517,1023
211529,515,1023
211730,517,1023
211931,516,1023
212132,516,1023
212333,517,1023
212534,517,1023
212734,517,1021
212935,516,1023
213137,517,1023
213338,517,1023
213538,517,1023
213739,516,1022
213940,517,1022
214141,517,1023
214342,517,1023
214543,516,1023
214744,515,1023
214944,517,1023
215146,516,1022
215347,517,1023
215547,517,1023
215748,517,1022
215949,517,1023
216151,516,1023
216351,517,1023
216552,516,1023
216753,516,1023
216953,517,1023
217155,517,1022
217356,517,1023
217556,516,1023
217757,517,1022
217958,516,1023
218160,517,1023
218360,516,1023
218561,517,1023
218762,517,1023
218962,517,1023
219164,517,1023
219365,517,1023
219566,517,1022
219766,517,1023
219967,517,1023
220169,517,1022
220369,517,1023
220570,516,1023
220771,516,1023
220972,517,1023
221173,517,1022
221374,517,1023
221575,517,1023
221775,517,1022
221976,517,1023
222178,517,1023
222379,516,1023
222579,517,1022
222780,517,1023
222981,517,1022
223182,517,1023
223383,517,1023
223584,517,1023
223784,517,1022
223985,517,1023
224187,517,1023
224388,517,1023
224588,517,1023
224789,516,1023
224990,517,1023
225191,517,1023
225392,517,1022
225593,515,1023
225794,517,1022
225994,517,1022
226196,517,1023
226397,517,1022
226597,517,1022
226798,517,1023
226999,517,1023
227201,517,1023
227401,517,1023
227602,517,1023
227803,517,1023
228003,517,1023
228205,517,1023
228406,517,1023
228606,517,1022
228807,517,1023
229008,517,1023
229210,517,1022
229410,517,1023
229611,517,1023
229812,517,1022
230012,517,1023
230214,517,1023
230415,517,1023
230616,517,1021
230816,517,1023
231017,517,1022
231219,517,1023
231419,517,1022
231620,517,1023
231821,517,1023
232022,517,1023
232223,517,1023
232424,517,1022
232625,518,1023
232825,517,1022
233026,517,1023
233228,517,1023
233428,517,1023
233629,517,1022
233830,517,1023
234031,517,1021
234232,517,1023
234433,517,1023
234634,517,1022
234834,517,1023
235035,517,1023
235237,517,1023
235438,517,1023
235638,517,1023
235839,519,1023
236040,517,1023
236241,517,1023
236442,517,1023
236643,517,1023
236844,517,1022
237044,519,1023
237246,517,1023
237447,517,1022
237647,517,1023
237848,517,1023
238049,517,1023
238251,518,1023
238451,517,1022
238652,517,1023
238853,517,1023
239053,518,1022
239255,517,1023
239456,518,1022
239656,517,1023
239857,517,1023
240058,517,1022
240260,517,1023
240460,517,1023
240661,518,1021
240862,517,1023
241062,518,1023
241264,517,1022
241465,517,1022
241666,517,1023
241866,518,1023
242067,518,1023
242269,517,1022
242469,517,1023
242670,518,1023
242871,518,1023
243072,518,1022
243273,518,1023
243474,518,1023
243675,517,1022
243875,518,1023
244076,517,1022
244278,517,1023
244478,518,1023
244679,518,1023
244880,517,1023
245081,518,1023
245282,518,1023
245483,518,1023
245684,517,1022
245884,518,1023
246085,518,1023
246287,517,1021
246488,518,1023
246688,518,1023
246889,518,1023
247090,517,1021
247291,518,1022
247492,518,1023
247693,517,1022
247894,518,1023
248094,518,1023
248296,517,1023
248497,518,1023
248697,518,1021
248898,518,1023
249099,518,1023
249300,518,1023
249501,518,1021
249702,518,1023
249903,518,1021
250103,518,1023
250305,517,1023
250506,517,1023
250706,518,1022
250907,518,1023
251108,518,1022
251310,518,1023
251510,518,1023
251711,518,1023
251912,518,1022
252113,518,1023
252314,518,1023
252515,518,1023
252716,518,1023
252916,518,1022
253118,518,1023
253319,518,1023
253519,518,1023
253720,518,1023
253921,518,1023
254123,518,1023
254323,518,1023
254524,518,1022
254725,518,1022
254925,518,1023
255127,518,1023
255328,518,1023
255528,518,1023
255729,518,1023
255930,518,1023
256132,518,1023
256332,518,1023
256533,518,1023
256734,518,1023
256934,518,1023
257136,518,1022
257337,518,1023
257538,518,1023
257738,518,1023
257939,518,1022
258141,518,1023
258341,518,1023
258542,518,1023
258743,518,1023
258944,518,1022
259145,518,1023
259346,518,1022
259547,518,1023
259747,518,1022
259948,518,1023
260150,518,1023
260350,518,1023
260551,518,1023
260752,518,1023
260953,518,1023
261154,518,1023
261355,518,1023
261556,518,1023
261756,518,1023
261957,518,1022
262159,518,1023
262360,518,1023
262560,518,1023
262761,518,1023
262962,518,1021
263163,518,1023
263364,518,1023
263565,518,1023
263766,518,1023
263966,517,1022
264168,518,1023
264369,518,1023
264569,518,1023
264770,518,1023
264971,517,1023
265172,518,1023
265373,518,1023
265574,518,1023
265775,518,1023
265975,518,1023
266177,518,1023
266378,518,1023
266578,518,1023
266779,518,1022
266980,518,1023
267182,518,1023
267382,518,1023
267583,518,1023
267784,518,1023
267984,518,1022
268186,518,1023
268387,518,1023
268588,517,1023
268788,518,1023
268989,518,1023
269191,518,1023
269391,518,1022
269592,518,1023
269793,518,1023
269993,518,1022
270195,518,1023
270396,518,1023
270597,518,1023
270797,519,1023
270998,518,1023
271200,518,1023
271400,518,1023
271601,518,1022
271802,518,1023
272003,518,1023
272204,518,1023
272405,518,1022
272606,518,1023
272806,518,1023
273007,518,1023
273209,518,1021
273410,518,1023
273610,518,1023
273811,518,1023
274012,518,1023
274213,518,1023
274414,518,1023
274615,518,1023
274816,518,1023
275016,518,1023
275218,518,1022
275419,518,1023
275619,518,1023
275820,518,1023
276021,518,1023
276222,518,1022
276423,518,1023
276624,518,1023
276825,518,1023
277025,518,1023
277227,518,1023
277428,518,1023
277628,518,1023
277829,518,1022
278030,518,1023
278232,518,1023
278432,518,1022
278633,518,1023
278834,518,1023
279034,518,1023
279236,520,1023
279437,518,1023
279638,518,1023
279838,518,1023
280039,518,1023
280241,518,1022
280441,518,1023
280642,518,1021
280843,517,1023
281043,518,1022
281245,518,1023
281446,518,1023
281647,518,1023
281847,518,1023
282048,518,1023
282250,518,1023
282450,518,1023
282651,518,1022
282852,520,1022
283053,518,1022
283254,518,1023
283455,518,1023
283656,518,1023
283856,518,1023
284057,518,1023
284259,518,1023
284460,518,1023
284660,517,1023
284861,518,1023
285062,518,1022
285263,518,1022
285464,517,1022
285665,518,1023
285865,518,1023
286066,518,1023
286268,518,1023
286469,518,1023
286669,518,1023
286870,518,1023
287071,517,1023
287272,517,1023
287473,517,1022
287674,517,1023
287875,516,1023
288075,517,1023
288277,517,1023
288478,516,1023
288678,515,1022
288879,516,1023
289080,515,1023
289282,515,1023
289482,515,1023
289683,515,1023
289884,515,1022
290084,515,1023
290286,515,1023
290487,515,1022
290688,515,1023
290888,515,1023
291089,515,1023
291291,515,1023
291491,515,1022
291692,516,1023
291893,515,1023
292093,515,1023
292295,515,1023
292496,515,1023
292697,515,1023
292897,515,1023
293098,515,1023
293300,515,1023
293500,514,1023
293701,514,1023
293902,513,1023
294103,513,1023
294304,513,1023
294505,512,1023
294706,512,1023
294906,512,1023
295107,512,1023
295309,512,1023
295510,513,1023
295710,512,1022
295911,513,1023
296112,513,1023
296313,513,1022
296514,513,1023
296715,513,1023
296915,513,1021
297117,514,1023
297318,514,1023
297519,514,1022
297719,516,1023
297920,514,1023
298122,514,1023
298322,514,1023
298523,516,1023
298724,514,1023
298925,514,1023
299126,514,1023
299327,514,1022
299528,513,1023
299728,513,1022
299929,513,1023
300131,512,1023
300332,513,1023
300532,513,1023
300733,513,1022
300934,514,1022
301135,514,1023
301336,514,1023
301537,514,1022
301737,514,1022
301938,514,1021
302140,514,1023
302341,513,1023
302541,514,1023
302742,514,1023
302943,513,1023
303144,513,1023
303345,514,1023
303546,514,1022
303747,514,1023
303947,514,1023
304149,514,1023
304350,514,1023
304550,514,1023
304751,515,1023
304952,515,1023
305154,514,1023
305354,514,1023
305555,515,1023
305756,514,1023
305956,514,993
306158,515,935
306359,515,895
306560,515,827
306760,514,788
306961,514,768
307162,515,766
307362,516,759
307564,515,748
307765,515,739
307965,514,719
308166,514,713
308367,514,713
308568,514,712
308769,513,713
308970,513,711
309171,513,711
309371,513,706
309572,513,703
309773,514,699
309975,512,696
310175,512,679
310376,512,659
310577,513,655
310777,512,652
310978,512,652
311179,512,652
311380,511,652
311581,512,652
311782,511,651
311983,511,650
312183,511,640
312384,511,624
312586,510,623
312786,511,622
312987,510,621
313188,510,614
313389,511,611
313589,510,608
313790,510,608
313992,509,607
314192,510,607
314393,509,604
314594,509,601
314795,509,591
314995,509,576
315197,509,574
315398,509,575
315598,508,574
315799,509,572
316000,508,563
316200,508,554
316401,509,549
316603,508,548
316804,508,546
317004,508,543
317205,508,541
317406,507,538
317606,508,532
317808,507,524
318009,508,523
318210,507,522
318410,507,522
318611,507,521
318812,507,521
319012,507,521
319214,506,521
319415,507,521
319616,506,521
319816,507,521
320017,506,521
320218,507,521
320419,506,520
320620,506,521
320821,506,521
321021,506,521
321222,506,520
321423,506,517
321625,506,482
321825,506,454
322026,506,427
322227,505,406
322427,506,403
322628,505,403
322829,506,404
323031,505,403
323231,505,404
323432,505,404
323633,505,403
323833,505,403
324034,505,403
324236,505,403
324436,505,404
324637,505,406
324838,505,404
325039,505,406
325239,504,411
325440,505,412
325642,505,412
325842,505,412
326043,504,411
326244,504,411
326445,504,411
326645,504,412
326847,504,424
327048,504,430
327248,504,451
327449,504,468
327650,504,476
327851,504,485
328051,504,489
328253,503,490
328454,504,491
328654,504,491
328855,504,493
329056,503,499
329256,504,506
329458,503,509
329659,503,511
329860,503,511
330060,503,510
330261,503,511
330462,503,510
330662,503,511
330864,503,510
331065,503,511
331266,502,510
331466,503,511
331667,503,510
331868,503,511
332069,503,510
332270,502,511
332471,503,511
332672,502,510
332872,503,510
333073,502,510
333274,502,511
333475,503,510
333676,502,511
333877,502,510
334077,502,511
334278,501,510
334479,502,511
334681,502,512
334881,502,510
335082,502,511
335283,503,510
335483,502,511
335684,502,510
335885,502,511
336087,502,510
336287,502,511
336488,502,510
336689,502,511
336889,502,510
337090,502,510
337292,502,510
337492,501,511
337693,502,510
337894,504,510
338095,502,510
338295,501,510
338496,502,511
338698,502,510
338898,502,511
339099,501,510
339300,503,511
339501,501,510
339701,502,510
339903,501,510
340104,501,510
340304,502,511
340505,501,510
340706,502,510
340907,501,510
341107,502,511
341309,501,510
341510,502,511
341710,501,510
341911,502,511
342112,501,510
342312,501,511
342514,501,510
342715,501,511
342916,503,511
343116,501,510
343317,504,510
343518,501,510
343718,501,511
343920,501,510
344121,501,511
344322,501,510
344522,501,511
344723,501,510
344924,501,511
345125,501,510
345326,501,510
345527,501,511
345728,501,510
345928,501,509
346129,501,510
346330,501,510
346531,500,510
346732,501,511
346933,501,510
347133,501,511
347334,501,510
347535,501,510
347737,500,511
347937,500,511
348138,501,510
348339,500,511
348539,501,511
348740,501,510
348942,501,511
349143,500,510
349343,501,511
349544,501,510
349745,501,511
349945,500,510
350146,501,511
350348,500,510
350548,501,511
350749,500,510
350950,500,510
351151,500,511
351351,500,510
351553,500,511
351754,500,510
351954,500,511
352155,500,512
352356,500,511
352557,500,510
352757,500,511
352959,500,510
353160,500,511
353360,500,511
353561,501,510
353762,500,511
353963,499,510
354164,500,511
354365,499,510
354566,502,510
354766,498,510
354967,499,510
355168,499,510
355368,500,511
355570,498,510
355771,499,511
355972,500,510
356172,500,510
356373,500,511
356574,499,510
356775,500,511
356976,499,510
357177,500,510
357378,499,510
357578,500,511
357779,498,510
357981,500,510
358181,499,510
358382,500,511
358583,500,510
358784,499,511
358984,500,511
359185,499,510
359387,499,511
359587,500,510
359788,499,511
359989,499,510
360189,499,511
360390,499,510
360592,499,510
360793,499,510
360993,499,512
361194,499,510
361395,498,510
361595,499,511
361796,499,509
361998,499,511
362199,499,510
362399,499,511
362600,499,510
362801,499,511
363001,499,510
363203,499,511
363404,499,510
363604,499,511
363805,498,510
364006,499,511
364207,499,511
364407,499,510
364609,499,511
364810,499,510
365010,499,511
365211,499,510
365412,499,510
365613,499,510
365814,499,510
366015,499,510
366216,499,511
366416,499,510
366617,499,512
366818,499,511
367019,499,510
367220,499,511
367421,499,510
367622,499,510
367822,499,510
368023,501,511
368224,499,510
368425,499,511
368626,499,510
368827,499,510
369028,499,510
369228,499,511
369429,500,510
369630,499,510
369831,499,511
370032,499,510
370233,500,511
370434,499,510
370634,502,511
370835,499,510
371037,500,510
371237,499,510
371438,499,510
371639,499,511
371840,499,510
372040,499,511
372241,499,510
372443,500,511
372643,499,510
372844,500,511
373045,499,510
373245,500,511
373446,499,510
373648,499,511
373849,499,510
374049,499,511
374250,499,510
374451,499,510
374651,499,511
374852,499,510
375054,499,511
375255,499,510
375455,500,511
375656,499,510
375857,499,511
376057,499,510
376259,502,510
376460,499,510
376660,499,511
376861,499,510
377062,499,511
377263,499,510
377464,499,510
377665,499,511
377866,499,510
378066,499,511
378267,499,510
378468,499,511
378669,499,510
378870,499,511
379071,498,510
379272,499,510
379472,499,510
379673,499,511
379874,499,510
380076,499,510
380276,499,511
380477,498,510
380678,499,511
380878,501,510
381079,499,510
381280,499,510
381481,501,511
381682,498,510
381883,499,510
382084,498,510
382284,498,511
382485,499,510
382687,497,510
382887,499,512
383088,498,510
383289,499,511
383490,498,510
383690,498,511
383891,498,511
384093,498,511
384293,498,510
384494,498,511
384695,498,510
384896,498,511
385096,498,510
385298,498,510
385499,498,511
385699,498,510
385900,498,511
386101,498,510
386301,498,511
386502,498,510
386704,499,511
386905,498,510
387105,498,511
387306,498,510
387507,498,511
387707,499,510
387909,498,510
388110,498,511
388311,498,510
388511,499,511
388712,498,510
388913,498,511
389113,498,510
389315,498,511
389516,498,510
389716,498,511
389917,498,510
390118,498,511
390319,498,510
390520,498,510
390721,498,510
390922,498,510
391122,498,511
391323,498,510
391524,498,510
391725,498,510
391926,498,511
392127,498,510
392328,498,511
392528,498,510
392729,498,511
392930,499,510
393132,498,510
393332,498,511
393533,498,510
393734,499,511
393934,498,510
394135,498,511
394336,498,510
394537,498,510
394738,498,510
394939,498,510
395140,498,510
395340,498,511
395541,498,510
395743,498,510
395943,498,510
396144,498,510
396345,498,511
396546,497,510
396746,498,511
396948,497,510
397149,497,511
397349,497,510
397550,497,511
397751,497,510
397952,497,511
398152,498,510
398354,497,511
398555,498,511
398755,497,510
398956,497,511
399157,497,510
399357,497,511
399559,497,510
399760,497,511
399961,497,510
400161,497,510
400362,496,510
400563,497,511
400763,497,510
400965,497,510
401166,496,511
401367,497,510
401567,497,511
401768,497,510
401969,497,511
402170,497,510
402371,497,510
402572,497,510
402772,497,511
402973,497,510
403174,497,512
403375,497,510
403576,497,510
403777,497,511
403978,496,510
404178,497,511
404379,496,510
404580,497,511
404782,496,510
404982,497,511
405183,496,510
405384,497,510
405584,497,510
405785,497,511
405986,497,510
406188,498,511
406388,497,511
406589,497,510
406790,497,511
406990,497,510
407191,497,510
407393,497,510
407593,497,510
407794,497,510
407995,497,511
408196,497,510
408396,498,511
408598,497,510
408799,497,510
408999,497,510
409200,497,510
409401,497,511
409602,497,510
409802,497,510
410004,497,510
410205,498,511
410405,497,510
410606,498,511
410807,497,510
411008,497,511
411209,497,510
411410,497,510
411611,497,510
411811,496,511
412012,497,511
412213,496,511
412413,496,511
412615,496,510
412816,497,510
413017,496,510
413217,498,510
413418,496,510
413619,497,511
413820,496,510
414021,497,510
414222,497,510
414423,496,510
414623,497,510
414824,496,510
415025,496,511
415226,496,510
415427,497,511
415628,496,510
415828,497,511
416029,497,510
416230,497,511
416432,497,510
416632,498,511
416833,497,510
417034,497,510
417234,497,511
417435,497,510
417636,497,511
417838,497,510
418038,497,511
418239,497,510
418440,497,510
418640,497,510
418841,497,511
419043,497,510
419244,497,511
419444,497,510
419645,497,510
419846,497,511
420046,497,510
420248,497,510
420449,497,510
420649,496,510
420850,497,510
421051,497,511
421252,497,510
421452,497,511
421654,497,510
421855,497,511
422055,497,510
422256,496,510
422457,496,511
422658,498,510
422859,496,511
423060,495,510
423261,496,511
423461,495,510
423662,496,511
423863,496,510
424064,496,510
424265,495,510
424466,496,511
424667,495,510
424867,495,510
425068,495,511
425269,495,510
425470,496,511
425671,495,510
425872,496,511
426073,495,510
426273,496,511
426474,495,510
426675,496,511
426876,496,512
427077,496,511
427278,496,510
427479,496,511
427679,496,511
427880,495,510
428082,496,511
428282,496,511
428483,496,511
428684,496,510
428884,496,510
429085,496,510
429286,496,511
429488,495,510
429688,496,510
429889,496,510
430090,496,511
430290,497,511
430491,496,510
430693,497,511
430894,496,510
431094,497,511
431295,496,510
431496,496,511
431696,496,510
431897,497,511
432099,496,510
432300,497,510
432500,497,510
432701,496,510
432902,497,511
433102,496,510
433304,497,511
433505,496,512
433705,497,511
433906,496,510
434107,497,511
434308,496,510
434508,497,511
434710,499,510
434911,497,511
435111,496,510
435312,496,511
435513,497,511
435714,497,510
435915,497,510
436116,497,510
436317,497,512
436517,497,510
436718,496,510
436919,497,510
437120,496,511
437321,497,510
437522,497,511
437723,497,510
437923,497,511
438124,497,511
438325,497,510
438526,497,511
438727,497,510
438928,497,510
439129,497,510
439329,497,511
439530,497,510
439731,497,511
439932,497,510
440133,497,511
440334,497,510
440535,497,511
440735,498,511
440936,497,510
441138,497,510
441338,498,510
441539,499,511
441740,497,510
441940,497,510
442141,496,510
442343,497,511
442544,497,509
442744,497,511
442945,497,512
443146,497,511
443346,498,510
443547,497,510
443749,498,511
443950,497,510
444150,497,510
444351,497,510
444552,498,511
444752,497,510
444954,498,510
445155,497,510
445356,497,511
445556,497,510
445757,497,511
445958,497,510
446158,497,510
446360,498,511
446561,498,510
446761,497,511
446962,497,510
447163,498,511
447364,497,510
447565,498,511
447766,497,510
447967,498,510
448167,497,509
448368,497,511
448569,497,510
448770,497,510
448971,498,511
449172,497,510
449373,497,510
449573,497,510
449774,497,511
449975,497,510
450177,498,511
450377,497,510
450578,497,511
450779,497,510
450979,497,511
451180,497,510
451382,497,511
451582,497,510
451783,497,510
451984,499,510
452185,497,510
452385,498,510
452586,497,510
452788,498,510
452988,497,510
453189,498,510
453390,497,510
453591,497,511
453791,498,510
453993,497,511
454194,497,510
454394,497,510
454595,497,511
454796,497,510
454996,498,510
455197,497,509
455399,497,511
455600,498,510
455800,497,511
456001,497,510
456202,497,510
456402,497,510
456604,497,510
456805,500,510
457006,497,510
457206,497,511
457407,497,510
457608,498,509
457808,497,510
458010,498,510
458211,497,512
458412,498,511
458612,497,510
458813,498,510
459014,497,510
459215,497,511
459416,498,511
459617,497,510
459817,497,511
460018,497,510
460219,496,511
460420,497,510
460621,497,510
460822,497,512
461023,497,511
461223,497,510
461424,497,511
461625,497,510
461827,497,510
462027,497,510
462228,497,510
462429,497,511
462629,497,509
462830,497,511
463031,497,510
463233,497,511
463433,497,510
463634,497,511
463835,497,510
464035,498,511
464236,497,510
464438,496,511
464638,497,510
464839,497,510
465040,497,511
465241,497,510
465441,497,511
465642,496,510
465844,497,510
466044,496,510
466245,497,510
466446,496,510
466647,496,511
466847,497,510
467049,498,511
467250,497,511
467450,497,510
467651,496,511
467852,496,510
468052,497,511
468254,496,510
468455,497,510
468656,496,512
468856,497,511
469057,496,510
469258,496,511
469458,496,510
469660,496,511
469861,496,510
470062,496,510
470262,496,511
470463,496,510
470664,497,511
470865,496,510
471066,497,510
471267,496,510
471468,497,510
471668,496,510
471869,496,511
472070,497,510
472271,496,511
472472,497,510
472673,496,510
472873,498,510
473074,496,510
473275,496,511
473477,496,510
473677,496,511
473878,496,510
474079,496,511
474279,496,510
474480,496,511
474681,496,510
474883,497,511
475083,496,510
475284,496,510
475485,497,511
475685,496,510
475886,497,511
476088,496,510
476289,497,511
476489,498,510
476690,497,511
476891,497,510
477091,497,510
477292,496,510
477494,497,511
477694,497,510
477895,496,510
478096,497,511
478297,497,510
478497,497,511
478699,496,510
478900,497,511
479100,496,510
479301,497,511
479502,496,510
479703,497,511
479904,497,510
480105,497,511
480306,497,511
480506,496,510
480707,497,511
480908,496,510
481108,497,511
481310,497,511
481511,497,510
481712,496,510
481912,497,510
482113,496,510
482314,497,511
482515,497,510
482716,497,511
482917,497,510
483118,496,510
483318,497,511
483519,496,510
483720,497,511
483921,496,510
484122,497,511
484323,495,510
484524,496,511
484724,496,510
484925,496,510
485127,496,510
485327,496,510
485528,496,510
485729,496,510
485929,496,511
486130,496,510
486331,496,510
486533,496,510
486733,496,511
486934,496,510
487135,496,511
487335,496,510
487536,496,510
487738,496,510
487939,496,511
488139,498,510
488340,496,510
488541,496,510
488741,495,510
488942,496,511
489144,496,510
489345,496,510
489545,495,512
489746,496,511
489947,496,510
490147,496,510
490349,496,510
490550,496,511
490750,496,510
490951,496,511
491152,496,511
491353,496,510
491553,496,510
491755,496,509
491956,496,511
492156,495,510
492357,496,512
492558,496,510
492759,496,511
492960,496,510
493161,496,511
493362,496,511
493562,496,510
493763,496,511
493964,496,510
494164,496,510
494366,496,510
494567,496,511
494768,496,510
494968,496,511
495169,496,510
495370,496,510
495571,496,510
495772,496,511
495973,496,510
496174,496,511
496374,496,510
496575,496,510
496777,496,510
496977,496,510
497178,496,510
497379,496,510
497580,496,511
497780,496,510
497981,496,511
498183,496,510
498383,496,510
498584,496,510
498785,496,510
498985,496,512
499186,496,510
499388,496,510
499589,496,510
499789,496,511
499990,496,510
500191,497,511
500391,496,510
500592,497,510
500794,496,510
500995,496,510
501195,498,510
501396,496,510
501597,497,510
501797,496,510
501999,497,511
502200,496,510
502401,497,511
502601,496,510
502802,497,511
503003,496,510
503203,497,511
503405,496,510
503606,497,511
503806,496,510
504007,497,511
504208,497,510
504409,496,510
504610,497,511
504811,497,510
505012,498,511
505212,497,510
505413,497,511
505614,497,510
505815,497,511
506016,497,510
506217,497,511
506418,496,510
506618,497,511
506819,497,510
507020,497,511
507222,497,510
507422,497,509
507623,497,511
507824,497,510
508024,497,511
508225,496,510
508427,497,510
508627,496,510
508828,497,511
509029,496,510
509230,496,510
509430,496,510
509631,496,511
509833,496,511
510033,496,510
510234,496,511
510435,496,510
510636,496,511
510836,496,510
511038,496,511
511239,497,510
511439,496,511
511640,496,510
511841,496,511
512041,495,511
512243,495,510
512444,496,510
512645,495,510
512845,496,511
513046,496,510
513247,496,511
513447,495,510
513649,496,511
513850,496,510
514051,496,511
514251,496,510
514452,496,511
514653,496,510
514854,496,510
515055,496,510
515256,496,510
515457,496,511
515657,496,510
515858,496,510
516059,495,510
516260,496,511
516461,496,510
516662,496,511
516862,496,510
517063,496,511
517264,496,510
517466,496,510
517666,496,510
517867,496,510
518068,496,511
518268,498,510
518469,496,511
518670,496,510
518872,497,511
519072,496,510
519273,497,511
519474,496,510
519674,496,511
519875,496,511
520077,496,511
520278,496,510
520478,496,510
520679,497,511
520880,496,510
521080,496,511
521281,496,510
521483,496,510
521683,496,510
521884,496,510
522085,496,510
522286,497,511
522486,496,510
522688,497,510
522889,497,510
523089,496,510
523290,497,511
523491,496,510
523692,497,511
523892,496,510
524094,497,511
524295,497,510
524495,497,510
524696,496,510
524897,497,511
525097,496,510
525299,497,511
525500,497,510
525701,496,510
525901,497,511
526102,497,510
526303,497,510
526503,496,510
526705,497,510
526906,496,510
527107,497,511
527307,497,510
527508,497,511
527709,497,510
527910,497,511
528111,497,510
528312,496,510
528513,497,511
528713,496,510
528914,497,511
529115,496,510
529316,497,511
529517,497,510
529718,497,510
529918,496,510
530119,497,510
530320,496,510
530522,497,511
530722,497,510
530923,496,511
531124,497,511
531324,498,510
531525,497,511
531726,496,510
531928,497,510
532128,496,510
532329,497,511
532530,497,510
532730,497,511
532931,497,510
533133,497,510
533334,497,510
533534,497,510
533735,497,511
533936,497,510
534136,497,511
534338,497,510
534539,497,510
534739,496,512
534940,497,511
535141,497,510
535342,497,511
535542,497,510
535744,497,511
535945,497,510
536145,497,511
536346,497,511
536547,497,510
536748,497,510
536949,497,510
537150,496,511
537351,497,510
537551,497,511
537752,497,510
537953,497,511
538153,497,510
538355,497,511
538556,497,510
538757,496,511
538957,497,510
539158,497,509
539359,497,510
539560,497,510
539761,497,511
539962,497,510
540163,497,510
540363,497,510
540564,497,510
540765,497,510
540966,497,512
541167,497,510
541368,497,510
541569,498,511
541769,497,510
541970,497,511
542172,497,510
542372,497,511
542573,497,510
542774,497,511
542974,497,510
543175,497,511
543376,497,510
543578,497,511
543778,497,510
543979,497,511
544180,497,510
544380,497,510
544581,497,511
544783,497,510
544984,497,511
545184,497,510
545385,498,510
545586,497,510
545786,497,511
545988,497,510
546189,497,511
546390,497,510
546590,497,511
546791,497,510
546992,497,510
547192,497,511
547394,497,510
547595,497,511
547795,497,510
547996,497,511
548197,497,510
548398,498,511
548599,497,510
548800,497,511
549001,497,510
549201,497,511
549402,497,510
549603,497,510
549804,498,511
550005,497,510
550206,497,511
550407,497,510
550607,499,512
550808,497,510
551009,498,511
551211,497,509
551411,498,510
551612,497,510
551813,497,511
552013,498,510
552214,497,510
552415,498,511
552616,497,510
552817,498,511
553018,497,510
553219,497,510
553419,497,510
553620,497,511
553822,497,510
554022,498,511
554223,497,510
554424,498,511
554625,498,510
554825,497,510
555027,497,511
555228,497,510
555428,498,511
555629,497,509
555830,498,510
556030,497,510
556231,498,510
556433,498,510
556634,498,511
556834,497,511
557035,500,510
557236,498,510
557436,497,511
557638,497,510
557839,497,510
558040,498,510
558240,497,510
558441,498,511
558642,497,510
558842,498,511
559044,497,510
559245,498,511
559446,498,510
559646,498,510
559847,498,510
560048,497,510
560249,498,511
560450,497,510
560651,498,511
560851,498,510
561052,498,510
561253,497,510
561454,498,510
561655,497,510
561856,498,511
562057,497,510
562257,498,511
562458,497,510
562659,497,511
562861,498,510
563061,497,510
563262,498,511
563463,497,509
563663,498,510
563864,496,510
564066,497,510
564267,497,510
564467,498,511
564668,497,510
564869,498,511
565069,498,510
565270,498,511
565472,498,510
565672,498,510
565873,498,511
566074,498,510
566275,500,511
566475,498,510
566677,498,510
566878,497,510
567078,498,511
567279,498,510
567480,498,511
567681,498,510
567881,498,510
568083,498,510
568284,497,510
568484,498,511
568685,498,510
568886,498,511
569086,497,510
569288,498,511
569489,498,510
569690,498,510
569890,497,510
570091,498,511
570292,498,510
570492,498,512
570694,498,510
570895,498,510
571096,498,510
571296,498,509
571497,498,511
571698,498,510
571899,498,511
572100,497,510
572301,498,511
572502,498,510
572702,498,510
572903,497,510
573105,498,510
573305,498,510
573506,498,511
573707,498,510
573907,497,510
574108,498,511
574309,497,511
574511,498,510
574711,497,510
574912,498,511
575113,498,510
575313,498,511
575514,498,510
575716,498,511
575917,498,510
576117,497,510
576318,498,511
576519,497,512
576719,498,510
576920,497,510
577122,498,511
577323,497,510
577523,498,511
577724,497,510
577925,498,511
578125,498,510
578327,497,511
578528,497,510
578728,498,511
578929,498,510
579130,498,510
579331,498,510
579532,498,510
579733,498,511
579934,498,510
580134,498,511
580335,498,510
580536,498,511
580737,498,510
580938,498,511
581139,498,510
581340,498,510
581540,498,510
581741,498,510
581942,497,511
582144,498,510
582344,498,511
582545,497,510
582746,498,510
582946,498,510
583147,498,510
583348,498,510
583549,498,511
583750,498,510
583951,500,510
584152,499,511
584352,498,510
584553,498,511
584755,498,510
584955,498,510
585156,498,510
585357,498,511
585558,497,510
585758,498,511
585959,497,510
586161,498,511
586361,498,510
586562,498,510
586763,498,510
586963,497,510
587164,498,511
587366,497,510
587567,498,511
587767,497,510
587968,500,511
588169,497,510
588369,498,511
588570,498,510
588772,498,511
588973,498,510
589173,498,510
589374,498,510
589575,497,511
589775,498,511
589977,498,510
590178,498,510
590379,498,510
590579,498,511
590780,498,510
590981,498,511
591182,498,510
591383,498,510
591584,498,510
591784,498,510
591985,497,510
592186,498,510
592387,498,511
592588,498,510
592789,498,511
592990,497,510
593190,498,511
593391,497,512
593592,498,511
593794,498,510
593994,497,511
594195,498,510
594396,500,511
594596,498,510
594797,498,510
594999,498,510
595200,497,510
595400,498,511
595601,498,510
595802,498,511
596002,497,510
596203,498,511
596405,497,510
596605,498,511
596806,498,510
597007,498,511
597208,498,510
597408,497,510
597610,498,510
597811,498,510
598011,498,511
598212,498,510
598413,498,511
598614,498,510
598814,498,510
599016,497,510
599217,498,511
599417,497,510
599618,498,511
599819,498,510
600019,498,510
600221,498,510
600422,497,510
600623,498,511
600823,498,510
601024,498,511
601225,497,510
601425,497,511
601627,497,510
601828,498,510
602029,497,511
602229,497,512
602430,497,510
602631,497,511
602832,497,512
603033,497,511
603234,498,511
603435,497,510
603635,497,511
603836,497,510
604038,497,511
604238,497,510
604439,498,511
604640,497,510
604840,497,510
605041,497,510
605242,497,510
605444,499,510
605644,497,511
605845,497,511
606046,497,510
606246,497,511
606447,497,510
606649,497,510
606850,497,510
607050,497,511
607251,497,510
607452,497,510
607652,497,510
607854,497,511
608055,497,510
608256,497,510
608456,497,510
608657,497,510
608858,497,511
609058,497,510
609260,497,511
609461,497,510
609661,498,511
609862,496,510
610063,500,511
610264,497,510
610465,497,511
610666,497,510
610867,497,511
611067,497,410
611268,497,0
611469,497,0
611670,497,0
611870,497,0
612071,497,0
612273,497,0
612473,496,0
612674,496,0
612875,496,0
613075,496,0
613276,496,0
613477,496,0
613678,496,1
613878,496,0
614079,496,0
614280,496,0
614480,495,0
614681,495,0
614882,495,0
615084,495,0
615284,497,0
615485,495,0
615686,497,0
615886,495,0
616087,494,0
616288,494,0
616488,494,0
616689,494,0
616890,494,0
617091,494,0
617291,494,0
617492,493,0
617693,493,0
617893,493,0
618095,493,0
618296,493,0
618497,493,0
618697,493,0
618898,495,0
619099,492,0
619299,492,0
619500,491,0
619701,492,0
619901,492,0
620102,492,0
620303,492,0
620504,493,0
620704,491,0
620906,491,0
621107,491,0
621307,491,0
621508,491,0
621709,493,0
621910,491,0
622110,490,0
622311,490,0
622512,490,0
622712,490,0
622913,490,0
623114,490,0
623314,490,0
623515,490,0
623717,489,0
623918,489,0
624118,489,0
624319,489,0
624520,490,0
624720,489,0
624921,488,0
625122,489,0
625323,489,0
625523,490,0
625724,488,0
625925,488,0
626125,488,0
626326,488,0
626527,488,0
626728,488,0
626929,487,0
627130,487,0
627331,487,0
627531,487,0
627732,487,0
627933,486,0
628133,487,0
628334,487,0
628535,487,0
628736,487,0
628936,487,0
629137,486,0
629338,486,0
629539,486,0
629740,486,0
629941,486,0
630141,486,0
630342,486,0
630543,486,0
630744,486,0
630944,486,0
631145,486,0
631346,485,0
631546,485,2
631747,485,0
631948,485,0
632148,485,0
632350,485,0
632551,485,0
632752,485,0
632952,484,0
633153,484,0
633354,485,0
633554,484,0
633755,484,0
633956,484,0
634157,484,0
634357,484,0
634558,484,0
634759,483,0
634959,484,0
635161,483,0
635362,483,0
635563,483,0
635763,483,0
635964,484,0
636165,483,0
636365,483,0
636566,483,0
636767,483,0
636967,483,0
637168,483,0
637369,483,1
637570,483,0
637770,483,0
637972,481,0
638173,482,0
638373,482,0
638574,484,0
638775,482,0
638976,482,0
639176,482,0
639377,482,0
639578,482,0
639778,482,0
639979,482,0
640180,482,0
640380,482,0
640581,482,0
640783,482,0
640984,482,0
641184,481,0
641385,481,0
641586,481,0
641786,481,0
641987,481,2
642188,481,0
642388,481,0
642589,481,0
642790,481,0
642991,481,0
643191,481,0
643392,483,0
643593,481,0
643794,481,0
643995,481,0
644196,481,0
644397,480,0
644597,480,0
644798,480,0
644999,480,0
645199,480,0
645400,480,2
645601,480,0
645801,480,0
646002,480,1
646203,480,0
646404,480,0
646605,480,0
646806,480,0
647007,480,0
647207,480,0
647408,480,0
647609,479,0
647810,479,0
648010,479,0
648211,480,0
648412,478,0
648612,480,0
648813,480,0
649014,479,0
649214,479,0
649415,479,1
649617,479,0
649818,479,0
650018,479,0
650219,479,0
650420,479,0
650620,479,0
650821,479,0
651022,479,0
651223,479,0
651423,479,0
651624,479,0
651825,479,0
652025,478,0
652226,478,0
652428,479,0
652628,479,0
652829,478,0
653030,478,0
653231,478,0
653431,478,0
653632,478,0
653833,478,0
654033,478,0
654234,478,0
654435,478,0
654636,478,0
654836,478,0
655037,478,0
655239,478,0
655439,478,0
655640,477,0
655841,478,0
656041,478,0
656242,478,0
656443,477,0
656644,478,0
656844,477,0
657045,478,0
657246,477,0
657446,477,1
657647,477,0
657848,477,0
658049,477,0
658250,477,0
658451,477,0
658652,477,0
658852,477,0
659053,477,0
659254,477,1
659454,477,0
659655,477,0
659856,477,0
660057,477,0
660257,477,0
660458,477,0
660659,479,0
660859,477,0
661061,477,0
661262,477,0
661463,477,0
661663,477,0
661864,477,0
662065,477,0
662265,477,0
662466,477,0
662667,477,0
662867,477,0
663068,477,0
663269,476,0
663470,477,0
663670,476,0
663871,478,0
664073,476,0
664273,475,0
664474,477,0
664675,476,0
664876,476,0
665076,476,0
665277,476,0
665478,476,0
665678,476,0
665879,476,0
666080,477,0
666280,476,0
666481,476,0
666682,476,0
666884,476,0
667084,476,0
667285,476,0
667486,476,0
667686,476,0
667887,476,0
668088,476,0
668289,476,0
668489,476,0
668690,476,0
668891,476,0
669091,476,0
669292,476,0
669493,476,0
669694,476,0
669895,476,0
670096,476,0
670297,476,0
670497,476,0
670698,476,0
670899,476,0
671099,476,0
671300,476,0
671501,476,0
671702,475,0
671902,476,0
672103,476,0
672304,476,0
672504,476,0
672706,476,0
672907,475,0
673107,475,0
673308,476,0
673509,475,0
673710,476,0
673910,476,0
674111,476,0
674312,476,0
674512,476,0
674713,475,0
674914,475,0
675115,475,0
675315,476,0
675517,475,0
675718,476,0
675918,475,0
676119,475,0
676320,475,0
676520,475,0
676721,475,0
676922,475,0
677123,475,0
677323,475,0
677524,475,0
677725,475,0
677925,475,0
678126,475,0
678328,475,0
678529,475,0
678729,475,1
678930,475,0
679131,475,0
679331,475,0
679532,475,0
679733,475,0
679933,475,0
680134,475,0
680335,475,0
680536,475,0
680736,475,0
680937,475,0
681138,475,0
681339,475,0
681540,474,0
681741,475,0
681942,475,0
682142,475,0
682343,475,0
682544,475,0
682744,475,0
682945,475,0
683146,475,0
683346,475,0
683547,475,0
683748,475,0
683949,475,0
684150,475,0
684351,475,0
684552,475,0
684752,475,0
684953,475,0
685154,475,0
685355,475,0
685555,475,0
685756,475,0
685957,475,0
686157,475,0
686358,474,0
686559,474,0
686759,474,0
686961,474,0
687162,474,0
687363,474,0
687563,475,0
687764,475,0
687965,475,0
688165,475,0
688366,475,1
688567,474,0
688768,474,0
688968,474,0
689169,474,0
689370,475,0
689570,474,0
689772,474,0
689973,474,0
690173,474,0
690374,474,0
690575,474,0
690776,474,0
690976,473,0
691177,474,0
691378,474,0
691578,474,0
691779,474,0
691980,474,0
692180,474,0
692381,474,0
692583,474,0
692784,474,0
692984,474,0
693185,474,0
693386,474,0
693586,473,0
693787,474,0
693988,474,0
694189,474,0
694389,474,0
694590,474,0
694791,474,0
694991,474,0
695192,474,0
695394,474,0
695595,474,0
695795,475,0
695996,474,0
696197,474,0
696397,474,0
696598,474,0
696799,474,0
696999,474,0
697200,474,0
697401,473,0
697602,474,0
697802,474,0
698003,473,0
698205,473,0
698405,474,0
698606,474,0
698807,474,0
699008,474,0
699208,473,1
699409,474,0
699610,474,0
699810,473,0
700011,473,0
700212,473,0
700412,473,0
700613,473,0
700814,473,0
701016,472,0
701216,473,0
701417,474,0
701618,473,0
701818,473,0
702019,473,0
702220,474,0
702420,473,0
702621,474,0
702822,473,0
703023,473,0
703223,473,0
703424,473,0
703625,473,0
703826,473,0
704027,473,0
704228,473,0
704429,473,0
704629,474,0
704830,473,0
705031,473,0
705231,473,0
705432,473,0
705633,473,0
705833,473,0
706034,473,0
706235,473,0
706436,473,0
706636,473,0
706838,473,0
707039,473,0
707239,473,0
707440,473,0
707641,473,0
707842,475,0
708042,473,0
708243,473,0
708444,473,0
708644,473,0
708845,473,0
709046,472,0
709246,474,0
709447,473,0
709649,473,0
709850,473,0
710050,473,0
710251,473,0
710452,473,0
710652,473,0
710853,473,0
711054,475,0
711255,473,0
711455,473,0
711656,473,0
711857,473,0
712057,473,0
712258,473,0
712460,473,0
712660,473,0
712861,473,0
713062,473,0
713263,473,0
713463,473,0
713664,473,0
713865,473,0
714065,473,0
714266,473,0
714467,473,0
714668,473,0
714868,473,0
715069,473,0
715271,473,0
715471,473,0
715672,473,0
715873,473,0
716073,473,0
716274,473,0
716475,473,0
716676,473,0
716876,473,0
717077,473,0
717278,473,0
717478,473,0
717679,473,0
717880,473,0
718082,473,0
718282,473,0
718483,473,0
718684,473,0
718884,473,0
719085,473,0
719286,473,0
719486,473,0
719687,473,0
719888,473,0
720089,473,0
720289,473,0
720490,473,0
720691,473,0
720892,473,0
721093,473,0
721294,473,0
721495,473,0
721695,473,0
721896,473,0
722097,473,0
722297,473,0
722498,472,0
722699,473,0
722899,473,0
723100,473,0
723301,473,0
723502,473,0
723703,473,0
723904,473,0
724105,473,0
724305,473,0
724506,473,0
724707,473,0
724908,473,0
725108,475,0
725309,473,0
725510,473,0
725710,473,0
725911,473,0
726112,473,0
726312,473,0
726513,473,0
726715,473,0
726916,473,0
727116,473,0
727317,473,0
727518,473,0
727718,473,0
727919,473,0
728120,473,0
728321,472,0
728521,473,0
728722,473,0
728923,473,0
729123,473,0
729324,473,0
729526,473,0
729726,473,0
729927,473,0
730128,473,0
730329,473,0
730529,473,0
730730,473,0
730931,473,0
731131,473,0
731332,473,0
731533,472,0
731734,473,0
731934,473,0
732135,473,0
732337,473,0
732537,473,0
732738,473,0
732939,473,0
733139,473,0
733340,472,0
733541,472,0
733742,473,0
733942,473,0
734143,473,0
734344,473,0
734544,473,0
734745,473,0
734946,473,0
735148,473,0
735348,473,0
735549,473,1
735750,473,0
735950,473,0
736151,473,0
736352,473,0
736552,473,0
736753,473,0
736954,473,0
737155,473,0
737355,473,0
737556,472,0
737757,473,0
737958,473,0
738159,473,0
738360,473,0
738561,473,0
738761,473,0
738962,473,0
739163,473,0
739363,473,0
739564,473,0
739765,473,0
739965,473,0
740166,473,0
740367,473,0
740568,473,0
740769,473,0
740970,473,0
741171,473,0
741371,473,0
741572,473,0
741773,473,0
741974,471,0
742174,473,0
742375,473,0
742576,473,0
742776,473,0
742977,473,2
743178,473,0
743378,473,0
743580,473,0
743781,473,0
743982,473,0
744182,473,0
744383,473,0
744584,473,0
744784,473,0
744985,473,0
745186,473,0
745387,473,0
745587,473,0
745788,473,0
745989,473,0
746189,473,0
746391,473,0
746592,473,0
746792,472,0
746993,472,0
747194,473,0
747395,472,0
747595,472,0
747796,473,0
747997,473,0
748197,473,0
748398,473,0
748599,473,0
748800,473,0
749000,472,0
749202,473,0
749403,473,0
749603,473,0
749804,473,0
750005,472,0
750205,472,0
750406,472,0
750607,472,0
750808,472,0
751008,473,0
751209,472,0
751410,473,0
751610,473,0
751811,473,0
752012,473,0
752214,473,0
752414,473,0
752615,472,0
752816,472,0
753016,472,0
753217,472,0
753418,472,0
753618,472,0
753819,473,0
754020,472,0
754221,472,0
754421,472,0
754622,471,0
754823,472,0
755024,473,0
755225,471,0
755426,473,0
755627,472,0
755827,472,0
756028,472,0
756229,471,0
756429,472,0
756630,473,0
756831,472,0
757031,472,0
757232,472,0
757433,472,0
757634,472,0
757835,472,0
758036,472,0
758237,472,0
758437,472,0
758638,472,0
758839,472,0
759040,473,0
759240,472,1
759441,473,0
759642,473,0
759842,472,0
760043,472,0
760244,472,0
760444,472,0
760646,473,0
760847,473,0
761048,473,0
761248,472,0
761449,472,0
761650,472,0
761850,472,0
762051,472,0
762252,472,0
762452,472,0
762653,472,0
762854,473,0
763055,473,0
763255,473,0
763457,473,0
763658,473,0
763858,472,0
764059,474,0
764260,472,0
764461,471,0
764661,472,0
764862,472,0
765063,472,0
765263,472,0
765464,472,0
765665,472,0
765865,473,0
766066,473,0
766268,472,0
766469,472,0
766669,472,0
766870,472,0
767071,472,0
767271,472,0
767472,472,0
767673,473,0
767874,472,0
768074,473,0
768275,472,1
768476,472,0
768676,472,0
768877,472,0
769079,472,0
769280,472,0
769480,472,0
769681,472,0
769882,472,0
770082,472,0
770283,472,0
770484,471,0
770684,474,0
770885,472,0
771086,471,0
771287,472,0
771487,472,0
771688,472,0
771889,472,0
772090,471,0
772291,472,0
772492,472,0
772692,472,0
772893,472,0
773094,472,0
773295,474,0
773495,472,0
773696,472,0
773897,472,0
774097,472,0
774298,473,0
774499,472,0
774700,472,0
774901,472,0
775102,472,0
775303,472,0
775503,472,0
775704,472,0
775905,472,0
776105,472,0
776306,472,0
776507,472,0
776708,472,0
776908,472,0
777109,472,0
777310,472,0
777510,472,0
777712,472,0
777913,472,0
778114,473,0
778314,472,0
778515,472,0
778716,472,0
778916,472,0
779117,472,0
779318,472,0
779518,472,0
779719,472,0
779920,472,0
780121,472,0
780321,472,0
780523,473,0
780724,472,0
780924,473,0
781125,472,0
781326,472,0
781527,472,0
781727,472,0
781928,472,0
782129,472,0
782329,472,0
782530,472,0
782731,472,0
782931,472,0
783132,472,0
783334,472,0
783535,472,0
783735,472,0
783936,472,1
784137,472,0
784337,472,0
784538,472,0
784739,472,0
784940,472,0
785140,472,0
785341,472,0
785542,472,0
785742,472,0
785943,472,0
786144,472,0
786345,472,0
786546,472,0
786747,472,0
786948,472,0
787148,472,0
787349,472,0
787550,472,0
787750,472,0
787951,474,0
788152,472,0
788353,472,0
788553,472,0
788754,472,0
788955,472,0
789156,472,0
789357,472,0
789558,472,0
789758,472,0
789959,472,0
790160,472,0
790361,472,0
790561,472,0
790762,472,0
790963,472,0
791163,472,0
791364,471,0
791565,472,0
791766,471,0
791967,471,0
792168,472,0
792369,472,0
792569,472,0
792770,472,0
792971,472,0
793171,472,0
793372,472,0
793573,472,0
793774,472,0
793974,472,0
794175,472,0
794376,472,0
794576,471,0
794778,472,0
794979,472,0
795180,472,0
795380,472,0
795581,472,0
795782,472,0
795982,471,0
796183,472,0
796384,472,0
796584,472,0
796785,472,0
796986,472,1
797187,472,0
797387,472,0
797589,472,0
797790,472,0
797990,472,0
798191,471,0
798392,472,0
798593,471,0
798793,472,0
798994,472,0
799195,472,0
799395,472,0
799596,472,0
799797,471,0
799997,472,0
800198,472,0
800400,471,0
800601,470,0
800801,472,0
801002,472,1
801203,471,0
801403,472,0
801604,472,0
801805,471,0
802006,472,0
802206,471,0
802407,471,0
802608,472,0
802808,472,0
803009,472,0
803211,471,0
803411,472,0
803612,472,0
803813,472,0
804014,472,1
804214,472,0
804415,471,0
804616,471,0
804816,472,0
805017,472,0
805218,472,0
805419,471,0
805619,471,0
805820,472,0
806021,471,0
806222,472,0
806423,472,0
806624,471,0
806824,471,0
807025,472,0
807226,472,0
807427,471,0
807627,471,0
807828,472,0
808029,471,0
808229,472,0
808430,472,0
808631,472,0
808832,472,0
809033,471,0
809234,472,0
809435,471,1
809635,471,0
809836,471,0
810037,471,0
810237,471,0
810438,472,0
810639,472,0
810840,472,0
811040,472,0
811241,472,0
811442,472,0
811642,472,0
811843,472,0
812045,472,0
812246,471,0
812446,472,0
812647,472,0
812848,472,0
813048,472,0
813249,472,0
813450,471,0
813650,472,0
813851,471,0
814052,473,0
814253,472,0
814453,472,0
814654,473,0
814856,472,0
815056,472,0
815257,473,0
815458,472,0
815659,471,0
815859,472,0
816060,472,0
816261,471,0
816461,472,0
816662,472,0
816863,471,0
817063,472,0
817264,472,0
817465,472,0
817667,472,0
817867,472,0
818068,472,0
818269,471,0
818469,471,0
818670,471,0
818871,471,0
819072,471,0
819272,471,0
819473,470,0
819674,471,0
819874,471,0
820075,471,0
820276,472,0
820477,471,0
820678,471,0
820879,472,0
821080,472,0
821280,471,0
821481,471,0
821682,471,0
821882,472,0
822083,472,0
822284,472,0
822484,471,0
822685,472,0
822886,471,0
823087,471,0
823288,471,0
823489,471,0
823690,471,0
823890,471,0
824091,472,0
824292,471,0
824493,471,0
824693,471,0
824894,471,0
825095,471,0
825295,471,0
825496,471,0
825697,471,0
825897,470,0
826098,471,0
826300,471,0
826501,471,0
826701,471,0
826902,471,0
827103,471,0
827303,471,0
827504,471,0
827705,471,0
827906,472,0
828106,471,0
828307,471,0
828508,471,0
828708,471,0
828909,471,0
829111,472,0
829312,471,0
829512,471,0
829713,472,0
829914,471,0
830114,470,0
830315,471,0
830516,471,0
830716,471,0
830917,471,0
831118,472,0
831319,471,0
831519,471,1
831720,471,0
831922,471,0
832122,471,0
832323,470,0
832524,472,0
832724,471,0
832925,472,0
833126,471,0
833327,471,0
833527,471,0
833728,471,0
833929,471,0
834129,471,0
834330,471,0
834531,471,0
834732,471,0
834933,471,0
835134,471,0
835335,471,0
835535,471,0
835736,471,0
835937,471,0
836137,471,0
836338,471,0
836539,471,0
836740,472,0
836940,471,0
837141,471,0
837342,471,0
837542,471,0
837744,471,0
837945,471,0
838146,471,0
838346,471,0
838547,471,0
838748,471,0
838948,471,0
839149,471,1
839350,471,0
839550,471,0
839751,471,0
839952,471,0
840153,471,0
840353,471,0
840555,470,0
840756,471,0
840956,471,0
841157,471,0
841358,471,0
841559,471,0
841759,471,0
841960,471,0
842161,471,0
842361,471,0
842562,471,0
842763,471,0
842963,471,0
843164,473,0
843365,471,0
843567,471,0
843767,471,0
843968,471,0
844169,471,0
844369,471,0
844570,471,0
844771,471,0
844972,471,0
845172,471,0
845373,471,0
845574,471,0
845774,471,0
845975,471,0
846176,471,0
846377,471,0
846578,471,0
846779,471,0
846980,471,0
847180,471,0
847381,471,0
847582,470,0
847782,471,0
847983,471,0
848184,471,0
848385,473,0
848585,471,0
848786,471,0
848987,471,0
849188,471,0
849389,471,0
849590,471,0
849790,471,0
849991,471,0
850192,471,0
850393,471,0
850593,471,0
850794,471,0
850995,471,0
851195,471,0
851396,471,0
851597,470,0
851798,471,0
851998,471,0
852200,471,0
852401,471,0
852601,471,0
852802,470,0
853003,471,0
853203,470,0
853404,470,0
853605,470,0
853806,471,0
854006,470,0
854207,470,0
854408,470,0
854608,471,0
854809,470,0
855011,470,0
855212,470,0
855412,470,0
855613,470,0
855814,470,0
856014,472,0
856215,470,0
856416,470,0
856616,470,0
856817,470,0
857018,470,0
857219,470,0
857419,470,0
857620,471,0
857822,472,0
858022,471,0
858223,471,0
858424,470,0
858625,470,0
858825,470,0
859026,470,0
859227,470,0
859427,471,0
859628,469,0
859829,470,0
860029,470,0
860230,470,0
860431,470,0
860633,470,0
860833,470,0
861034,470,0
861235,471,0
861435,470,0
861636,470,0
861837,471,0
862038,470,0
862238,470,0
862439,470,0
862640,470,0
862840,470,0
863041,470,0
863242,470,0
863443,470,0
863644,470,0
863845,470,0
864046,470,0
864246,469,0
864447,470,0
864648,470,0
864848,470,0
865049,470,0
865250,470,0
865451,470,0
865651,470,0
865852,470,0
866053,470,0
866254,470,0
866455,470,0
866656,470,0
866856,470,0
867057,470,0
867258,470,0
867459,470,0
867659,470,0
867860,469,0
868061,470,0
868261,470,0
868462,470,0
868663,470,0
868864,470,0
869065,470,0
869266,470,0
869467,470,0
869667,470,0
869868,470,0
870069,469,0
870269,470,0
870470,470,0
870671,470,0
870872,470,0
871072,470,0
871273,468,0
871474,469,0
871674,470,0
871876,470,0
872077,469,0
872278,470,0
872478,470,0
872679,470,0
872880,469,0
873080,470,0
873281,470,0
873482,470,0
873682,470,0
873883,472,0
874084,470,0
874285,470,0
874485,469,0
874687,470,0
874888,470,0
875088,470,0
875289,469,1
875490,469,0
875691,469,0
875891,469,0
876092,470,0
876293,470,0
876493,469,0
876694,469,0
876895,469,0
877095,469,0
877296,469,0
877498,469,0
877699,469,0
877899,469,0
878100,469,0
878301,469,0
878501,469,0
878702,469,0
878903,469,0
879104,469,0
879304,468,0
879505,469,0
879706,469,0
879906,469,0
880107,469,0
880309,469,0
880509,469,0
880710,469,0
880911,469,0
881112,469,0
881312,469,0
881513,469,0
881714,469,0
881914,469,0
882115,469,0
882316,469,0
882516,469,0
882717,469,0
882918,468,0
883119,469,0
883320,469,1
883521,469,0
883722,469,0
883922,469,0
884123,469,0
884324,469,0
884525,469,0
884725,469,0
884926,469,0
885127,469,0
885327,469,0
885528,469,0
885729,469,0
885929,469,0
886131,469,0
886332,468,0
886533,469,0
886733,469,0
886934,469,0
887135,469,0
887335,469,0
887536,469,0
887737,469,0
887938,469,0
888138,469,0
888339,469,0
888540,469,0
888740,469,0
888941,469,0
889143,469,0
889344,469,0
889544,469,0
889745,469,0
889946,471,0
890146,469,0
890347,469,1
890548,469,0
890748,469,0
890949,469,0
891150,469,0
891351,469,0
891551,469,0
891752,469,0
891954,469,0
892154,469,0
892355,469,0
892556,469,0
892756,469,0
892957,469,0
893158,469,0
893359,468,0
893559,469,0
893760,470,0
893961,469,0
894161,469,0
894362,469,0
894563,469,0
894765,469,0
894965,469,0
895166,470,0
895367,469,0
895567,469,0
895768,469,0
895969,469,1
896169,470,0
896370,469,0
896571,469,0
896772,470,0
896972,471,0
897173,469,0
897374,469,0
897575,469,0
897776,470,0
897977,470,0
898178,470,0
898378,470,0
898579,470,0
898780,470,0
898980,470,0
899181,470,0
899382,470,0
899582,470,0
899783,470,0
899984,470,0
900185,469,0
900386,470,0
900587,469,0
900788,470,0
900988,470,0
901189,470,0
